"","V1","V2","V3","V4","V5","V6","V7","V8","V9","V10","V11","V12","V13","V14","V15","V16","V17","V18","V19","V20","V21","V22","V23","V24","V25","V26","V27","V28","V29","V30","V31","V32","V33","V34","V35","V36","V37","V38","V39","V40","V41","V42","V43","V44","V45","V46","V47","V48","V49","V50","V51","V52","V53","V54","V55","V56","V57","V58","V59","V60","V61","V62","V63","V64","V65","V66","V67","V68","V69","V70","V71","V72","V73","V74","V75","V76","V77","V78","V79","V80","V81","V82","V83","V84","V85","V86","V87","V88","V89","V90","V91","V92","V93","V94","V95","V96","V97","V98","V99","V100"
"1",8,7,0,6,0,0,23,13,6,7,19,7,0,0,10,0,9,9,3,0,10,7,9,1,0,2,7,6,26,2,0,5,0,0,2,7,5,6,3,6,50,4,7,3,1,6,5,8,2,3,28,0,21,18,4,0,42,0,0,5,6,4,0,2,8,7,6,5,2,0,0,17,2,8,8,3,11,3,6,16,17,3,6,7,6,0,9,19,4,4,7,6,7,3,5,0,9,12,8,2
"2",0,7,7,8,5,0,12,4,9,9,9,10,4,3,12,7,16,12,15,1,4,7,16,0,6,8,8,10,2,2,13,1,5,0,0,2,3,3,7,7,0,10,7,4,5,26,3,9,1,23,0,0,1,6,5,0,22,28,0,0,9,0,3,3,4,2,9,8,19,7,2,14,11,0,9,2,1,12,12,1,4,9,14,1,4,0,3,7,7,6,1,5,10,9,3,2,1,4,6,63
"3",19,2,8,4,0,4,6,3,20,2,27,0,0,10,5,0,6,9,6,8,11,5,2,12,5,10,2,8,0,15,2,4,11,0,7,0,3,3,10,15,0,8,2,15,12,1,8,5,5,0,0,3,3,5,3,0,6,0,0,1,0,11,3,0,2,8,1,2,22,7,0,0,0,10,3,12,10,5,8,14,2,6,5,9,6,0,8,4,3,10,4,22,4,6,2,3,7,6,7,78
"4",0,11,4,16,3,4,12,12,8,14,12,0,4,3,0,38,9,3,22,4,32,5,7,16,7,8,2,6,0,10,52,12,2,0,4,9,13,13,9,11,28,2,18,0,10,16,2,18,1,21,0,4,23,10,17,0,13,0,5,51,11,17,0,16,6,4,0,8,17,10,30,43,0,69,8,14,0,4,8,4,8,1,15,1,0,0,5,18,4,8,11,13,10,1,3,14,9,21,0,0
"5",1,13,13,11,1,29,15,16,2,16,0,1,13,0,4,0,16,18,6,18,14,13,19,19,2,0,7,8,10,47,29,12,6,0,16,23,10,16,6,8,30,10,7,6,5,18,19,10,35,2,0,6,25,0,11,0,19,0,71,4,16,10,10,32,15,3,13,9,0,14,0,16,13,41,9,54,19,13,6,0,0,10,15,4,11,0,24,12,5,3,13,3,9,11,0,12,19,0,5,75
"6",1,3,9,7,0,0,7,12,11,6,7,15,0,17,5,0,10,8,8,11,17,10,3,9,4,4,2,12,0,5,6,14,3,0,8,0,8,4,2,5,18,13,11,17,6,7,0,6,3,0,0,6,5,0,13,0,6,0,0,6,9,1,11,15,9,23,4,13,8,22,1,18,7,3,9,0,13,6,5,8,20,8,9,1,6,0,17,5,7,5,16,6,16,13,13,4,12,7,3,0
"7",19,4,9,6,44,7,7,6,3,3,3,11,13,3,21,0,10,5,0,8,12,5,9,3,11,15,0,0,1,1,8,9,13,0,14,12,0,8,3,13,1,7,4,6,9,15,11,4,10,0,1,4,14,9,11,0,3,73,2,0,7,0,10,12,6,5,7,8,7,2,9,17,5,7,9,1,32,13,11,0,8,14,6,0,5,0,6,14,7,12,4,5,7,5,9,0,13,27,3,10
"8",0,1,5,7,8,5,6,16,9,10,1,4,20,3,7,7,19,11,0,0,3,3,11,12,9,12,13,4,0,7,8,9,2,0,0,23,12,10,1,10,12,6,10,0,5,0,8,9,12,7,14,4,10,4,11,5,6,0,0,4,1,9,17,0,12,1,0,6,12,5,8,8,11,6,7,5,8,4,19,4,11,7,4,0,8,0,7,5,7,4,15,0,8,6,21,25,10,2,6,0
"9",0,12,13,7,5,48,14,12,6,2,32,8,7,3,0,3,5,3,4,5,6,7,20,20,9,10,3,7,6,44,54,11,6,32,7,7,10,4,6,16,11,8,7,6,5,2,9,3,15,14,29,0,11,20,7,0,10,0,1,8,9,6,9,9,10,6,3,6,3,1,20,27,12,9,3,27,0,1,2,21,0,0,9,1,14,3,20,38,7,5,2,3,6,7,5,7,2,38,7,0
"10",0,6,4,5,7,0,14,15,51,9,62,9,1,8,5,0,6,15,20,8,53,7,4,30,0,6,11,9,0,15,23,10,0,0,3,9,3,5,4,6,48,6,0,10,7,1,0,6,15,16,6,9,10,0,8,0,10,0,0,16,14,9,30,3,8,7,3,13,3,18,0,23,14,50,11,24,3,2,2,2,20,10,9,3,13,0,16,40,12,13,8,5,13,11,14,0,8,66,5,6
"11",0,5,12,5,3,2,10,12,1,14,8,4,23,3,24,0,14,7,12,10,9,4,0,1,15,0,11,2,27,0,14,4,28,0,11,12,14,3,31,0,7,4,6,5,3,9,0,9,5,25,0,10,6,12,7,0,4,5,9,7,6,13,12,19,9,9,0,11,3,6,21,5,6,22,14,0,10,4,4,10,9,11,2,3,1,0,15,32,13,3,6,5,9,8,1,0,11,4,5,0
"12",8,0,15,10,11,4,3,16,4,5,2,7,0,15,0,0,10,5,0,1,10,3,21,0,0,9,10,13,32,15,5,10,2,172,1,15,0,4,9,2,2,8,11,4,3,9,6,7,7,3,3,0,4,3,4,0,0,0,0,0,7,9,5,4,2,6,0,5,0,7,0,6,5,0,2,19,0,5,2,1,5,3,7,0,4,1,6,4,5,5,8,4,12,10,0,0,3,0,4,1
"13",0,0,0,13,21,2,1,5,2,4,5,6,10,7,9,0,4,6,7,8,8,10,0,0,3,9,7,14,1,10,8,8,0,0,14,6,14,2,7,11,3,7,12,0,4,3,7,2,2,1,5,1,6,5,6,0,6,78,0,0,8,13,5,5,5,0,53,0,4,11,0,13,4,7,22,0,2,3,2,2,1,7,2,1,3,0,8,17,6,5,1,6,0,6,8,16,3,1,8,90
"14",5,4,7,4,16,35,7,35,16,9,17,11,7,16,8,10,17,8,13,4,33,0,0,2,20,15,2,9,10,39,48,4,11,0,10,2,0,20,13,0,30,5,0,6,5,8,7,0,8,6,1,6,30,19,10,0,0,0,7,4,17,3,8,6,8,0,9,4,0,0,0,28,7,31,7,19,7,15,5,6,0,10,1,18,17,1,8,19,4,14,19,13,14,3,15,35,10,4,6,6
"15",0,3,0,9,40,49,10,36,16,14,7,8,2,7,4,1,8,0,0,4,33,9,2,4,6,8,1,10,1,19,0,0,2,0,9,9,11,8,8,3,29,3,2,11,9,3,4,6,4,5,8,12,14,14,7,0,3,0,10,3,4,5,2,8,10,18,0,4,11,2,0,0,0,19,5,33,3,7,6,20,18,11,13,1,5,0,10,28,0,7,3,4,0,16,2,9,15,18,11,0
"16",4,13,0,9,13,41,14,0,7,10,20,8,19,19,13,41,6,16,2,8,31,17,13,61,21,3,0,8,26,18,20,18,0,0,2,15,6,12,0,12,6,9,6,5,7,2,13,0,0,0,0,26,37,24,4,0,12,0,40,13,14,28,22,9,16,0,1,5,0,19,0,20,8,11,0,18,7,5,0,16,8,13,7,1,8,0,11,25,20,9,10,0,14,15,3,11,15,16,6,0
"17",11,3,7,11,3,0,5,0,4,0,7,6,0,12,12,15,2,4,2,4,7,8,6,7,5,4,2,12,4,9,4,2,8,0,9,5,9,15,14,9,11,4,2,2,4,9,3,10,0,5,2,8,8,9,6,0,4,0,0,0,11,5,13,2,3,5,1,10,0,9,65,6,13,8,2,9,9,1,7,0,5,5,2,0,5,0,6,15,3,3,14,1,5,8,0,3,7,1,10,4
"18",0,7,2,10,0,6,0,3,6,0,2,7,8,7,13,3,4,5,3,2,0,3,1,0,3,7,5,0,0,5,0,7,6,0,12,5,5,0,0,4,26,9,3,6,4,2,9,3,4,4,0,7,10,5,5,0,11,1,6,0,6,9,3,6,6,3,13,0,1,3,1,3,7,5,0,2,9,2,8,7,7,12,9,1,4,0,15,1,0,5,0,0,0,13,1,3,7,5,7,11
"19",0,6,5,7,6,7,5,11,6,8,0,12,22,5,0,0,0,8,0,4,3,2,0,14,16,12,27,5,9,4,3,6,3,0,2,3,3,3,2,13,4,1,11,11,14,1,0,12,21,4,1,3,2,3,8,0,11,3,0,1,23,1,6,6,9,8,6,2,1,9,0,10,7,3,2,3,2,3,6,6,10,5,8,0,1,0,12,6,7,9,4,1,2,4,3,0,8,6,8,28
"20",8,5,2,5,10,0,9,16,12,7,9,5,7,16,14,0,2,8,8,11,2,4,0,2,7,4,7,7,19,15,12,7,17,0,15,0,11,4,9,8,6,8,1,7,4,1,5,6,8,11,1,2,2,6,2,0,8,0,0,2,5,4,2,6,0,2,23,4,1,9,2,0,14,15,10,7,3,7,5,0,6,2,0,10,0,0,4,4,6,4,0,16,11,3,2,1,4,0,8,0
"21",0,6,4,9,6,0,0,3,4,1,4,0,3,2,5,9,5,0,5,7,8,11,1,1,9,8,5,11,0,7,7,4,11,0,3,1,0,7,1,9,0,4,0,10,1,6,5,5,4,5,4,10,11,5,3,0,4,0,0,0,4,5,1,7,8,4,2,6,10,2,0,4,9,3,3,3,4,6,5,6,5,6,11,23,9,0,17,4,5,5,7,18,10,7,7,3,11,9,9,28
"22",0,20,7,14,0,10,18,6,0,7,4,6,9,2,7,3,14,13,7,6,14,3,15,5,11,18,0,6,29,2,10,6,1,0,6,6,4,7,0,7,4,17,2,7,4,2,0,9,0,6,9,9,18,12,10,0,12,0,0,0,12,6,1,2,0,4,6,14,2,4,1,9,8,7,8,1,16,6,6,3,6,5,7,25,6,0,14,7,7,6,3,1,2,11,14,3,9,13,4,0
"23",0,8,6,7,1,5,0,14,9,0,1,7,5,7,2,0,2,1,0,6,3,7,0,4,10,6,4,10,5,5,6,12,4,0,4,11,25,0,6,8,3,0,1,12,17,11,4,6,0,3,7,6,1,6,5,0,6,0,0,8,12,11,2,10,3,4,0,11,15,7,1,0,3,3,6,10,3,9,10,6,0,13,6,2,10,0,3,0,10,8,1,11,5,5,9,8,7,4,10,0
"24",6,20,11,0,3,10,5,1,0,9,26,0,7,19,5,0,3,8,9,4,8,14,1,6,8,0,32,16,0,1,14,10,12,0,7,17,2,7,27,13,0,7,6,9,6,1,12,9,0,12,30,7,3,13,3,10,7,0,0,2,10,8,13,34,0,12,1,11,6,1,0,12,11,14,4,13,25,3,13,22,23,4,7,0,4,0,13,7,10,18,12,7,17,5,8,0,10,2,19,2
"25",4,25,6,3,16,4,4,0,27,15,8,8,4,8,0,5,8,9,8,4,12,0,1,2,3,7,5,13,2,13,7,10,1,0,6,4,2,2,5,1,2,8,6,8,5,0,3,17,6,14,11,5,13,9,4,3,9,28,0,4,11,8,5,3,5,11,1,14,3,4,3,13,7,0,10,6,4,7,10,2,14,7,9,4,3,0,2,8,10,8,4,3,12,7,2,14,3,0,6,0
"26",0,5,0,10,16,1,0,0,3,6,9,8,14,3,1,2,5,1,13,9,7,6,0,11,7,2,5,0,1,7,5,15,7,0,15,4,4,0,8,3,22,12,12,10,8,10,12,9,11,3,2,6,3,11,10,0,9,0,1,4,11,0,0,5,20,15,1,6,26,7,0,7,13,6,4,1,13,6,10,2,10,2,4,3,3,0,3,5,5,4,5,9,13,14,8,0,6,1,1,0
"27",2,6,6,6,3,12,8,12,0,13,15,5,8,5,2,0,7,18,4,11,15,14,13,2,5,8,8,9,0,10,6,10,1,0,4,9,12,11,15,12,0,4,0,3,14,8,8,0,7,9,0,6,13,0,16,0,19,0,1,1,5,13,3,8,7,12,1,18,5,6,0,6,2,0,17,11,4,11,6,19,9,9,12,4,8,0,3,10,10,15,15,7,13,0,11,2,0,9,4,0
"28",9,6,3,7,19,0,6,1,1,4,2,5,3,11,4,0,11,7,11,5,3,11,10,5,1,3,5,4,0,0,0,0,8,0,6,9,2,8,1,4,10,9,5,0,2,0,4,3,2,5,2,6,13,0,5,0,12,0,17,10,6,7,9,7,3,8,16,4,0,7,13,2,4,18,2,2,4,3,4,10,10,7,0,0,3,0,0,0,6,14,6,0,5,6,0,1,10,9,2,3
"29",2,13,4,12,12,6,14,5,6,4,6,2,3,13,11,0,5,0,6,1,9,3,8,2,10,3,3,4,4,3,3,1,2,0,7,1,9,7,0,6,3,4,5,4,0,0,2,5,1,3,0,1,3,1,1,0,0,0,3,1,21,10,28,9,4,11,1,10,3,5,0,14,3,4,8,6,10,6,5,3,3,7,11,2,5,0,2,3,5,10,4,18,0,9,3,5,13,10,2,1
"30",4,0,4,3,5,12,4,3,9,3,6,6,11,11,0,0,3,2,4,3,2,6,7,3,5,2,0,6,0,15,6,3,2,0,5,0,7,7,16,5,6,0,7,6,0,1,8,3,3,0,8,3,26,0,16,0,5,0,0,1,0,9,4,7,13,4,9,0,6,7,0,4,8,7,15,0,23,13,5,2,5,5,5,1,8,0,13,9,9,4,0,5,4,3,6,1,8,5,6,10
"31",0,1,10,4,6,2,4,0,14,4,16,0,6,6,13,1,7,7,0,11,6,8,2,16,4,3,13,7,7,2,8,9,7,0,7,9,18,9,0,5,6,9,15,9,11,2,7,4,21,12,0,2,11,0,0,0,1,0,0,8,8,6,11,12,6,3,10,11,3,10,3,5,14,7,5,12,0,0,5,12,5,7,5,0,16,0,11,0,6,6,7,11,5,10,2,2,4,5,11,9
"32",14,0,7,5,0,2,0,5,4,5,7,5,4,16,1,1,2,9,5,7,5,3,0,0,4,3,2,8,0,3,0,6,3,0,1,2,7,5,5,5,8,1,8,6,8,8,6,10,0,4,2,3,0,12,4,0,5,0,0,1,1,9,7,4,7,5,4,4,9,3,28,9,1,6,4,16,6,9,6,0,0,7,4,16,7,0,7,8,5,1,8,4,6,7,3,6,2,4,6,0
"33",22,11,7,22,11,0,1,22,4,11,16,12,9,8,10,5,4,8,4,0,0,4,14,7,12,7,4,10,0,49,12,11,8,0,1,3,12,3,9,14,8,18,6,1,6,22,14,0,16,22,1,8,27,12,9,0,3,0,3,27,10,10,20,15,4,10,0,12,3,5,11,36,18,9,0,0,1,4,3,4,8,14,14,1,12,2,3,20,5,0,8,16,3,9,0,3,9,47,3,0
"34",6,2,10,11,6,8,1,4,11,0,2,12,0,3,1,0,13,12,3,17,3,6,6,0,9,2,21,13,0,18,9,3,16,0,8,9,6,0,14,7,5,9,0,5,12,4,4,7,18,7,0,8,3,7,4,0,4,0,0,3,1,9,6,5,1,2,13,8,4,9,2,10,5,6,6,2,15,8,5,10,9,7,6,2,6,0,9,6,10,13,7,18,13,6,4,6,9,3,23,0
"35",2,5,6,8,17,11,18,4,1,1,11,2,3,16,9,0,12,9,1,1,2,8,11,4,8,13,5,2,0,12,4,9,7,0,15,0,4,2,29,6,3,4,10,5,0,4,4,7,8,11,1,8,3,0,5,0,9,0,0,7,4,5,13,23,2,5,8,4,8,0,1,0,0,9,8,0,2,4,6,5,6,5,11,0,7,0,9,5,15,9,4,10,9,3,8,4,14,4,3,1
"36",6,6,3,5,9,5,0,7,4,4,0,4,5,15,16,0,6,7,0,12,0,8,1,0,5,14,0,6,111,7,5,8,0,0,6,8,7,9,3,9,3,13,14,4,0,2,8,9,4,6,0,11,1,6,9,0,0,0,3,16,12,11,5,2,0,6,0,4,11,8,2,0,22,18,2,15,0,8,20,3,9,5,7,0,15,0,8,0,6,9,16,6,7,5,10,5,6,8,7,0
"37",0,6,5,19,13,12,6,7,9,10,15,11,8,7,17,0,14,18,3,7,4,9,6,0,4,8,4,14,0,3,4,0,4,0,10,12,11,0,5,5,4,9,13,19,7,0,20,8,2,0,19,5,4,12,11,0,4,0,0,6,18,10,3,11,11,20,1,2,7,6,2,0,17,19,0,0,12,0,0,2,12,0,9,0,5,0,8,1,10,0,16,0,18,13,4,5,5,11,13,0
"38",3,3,5,7,21,5,4,9,6,0,1,7,0,10,0,15,8,8,8,2,0,11,1,8,0,11,2,7,0,25,10,7,0,0,6,4,0,3,6,1,4,0,6,8,12,3,1,4,13,13,8,0,1,16,1,0,3,0,0,4,13,6,4,8,4,9,17,10,0,0,0,14,13,0,13,10,9,14,7,0,7,18,5,0,6,0,2,5,12,0,12,7,8,6,8,4,11,18,7,0
"39",6,0,2,3,9,6,10,4,47,5,7,11,1,11,0,2,11,9,0,9,7,0,4,0,3,4,0,0,1,8,9,5,1,0,4,4,5,7,8,9,0,12,1,3,0,1,3,4,8,9,0,6,11,10,10,0,13,36,0,11,8,4,8,8,17,5,5,0,0,7,3,18,5,2,8,9,5,17,4,3,11,0,0,3,6,0,11,0,6,4,2,14,3,11,10,13,4,6,16,4
"40",45,6,10,7,3,21,8,6,15,14,0,14,10,3,1,0,10,10,10,3,0,20,9,3,0,8,0,7,0,7,0,3,0,0,11,21,17,2,3,6,1,4,6,12,8,0,5,0,6,4,26,0,7,9,6,0,0,0,1,4,2,8,9,7,3,6,5,13,4,8,3,6,3,5,2,13,3,7,6,0,7,4,11,3,0,0,0,5,9,2,0,13,6,2,12,13,8,8,5,1
"41",6,16,5,4,12,1,13,12,9,0,4,11,10,14,0,2,3,6,7,18,7,9,6,18,5,10,8,7,1,16,5,11,7,0,9,3,16,19,7,6,7,0,4,8,7,2,3,0,4,8,0,4,11,0,15,0,4,30,0,31,9,7,5,11,9,14,0,6,0,16,0,15,11,0,2,0,6,7,6,4,3,3,8,0,13,0,1,12,14,9,0,5,12,4,0,22,0,11,4,0
"42",33,7,6,6,1,3,2,7,0,17,19,14,13,6,25,0,15,5,10,4,10,10,8,0,12,6,2,23,18,1,0,5,6,6,13,22,13,0,9,13,9,11,6,5,1,90,13,11,3,5,0,0,0,7,0,125,17,0,0,7,12,0,1,0,6,7,12,7,13,12,0,6,8,15,13,9,12,9,3,8,5,8,4,0,41,0,8,0,3,8,15,17,0,3,13,6,15,18,17,0
"43",7,5,6,0,2,4,2,12,0,6,1,7,7,10,0,11,12,4,3,10,7,4,14,3,0,4,3,7,12,6,6,16,0,0,11,14,9,8,12,12,3,13,0,5,16,12,4,9,0,12,7,4,2,3,5,2,6,0,0,1,10,6,8,5,4,6,7,8,14,6,10,4,8,8,9,35,4,8,10,0,0,6,20,31,2,0,6,7,12,2,10,2,1,0,13,2,10,5,10,0
"44",1,15,12,7,22,7,0,0,3,1,3,14,12,18,4,0,6,8,11,4,0,9,0,12,10,0,3,11,28,5,6,8,15,0,6,0,3,6,13,10,3,5,4,11,9,0,6,6,0,0,0,8,20,14,6,0,8,0,0,2,0,5,15,10,5,15,6,15,4,11,0,3,2,0,8,6,5,14,13,7,6,7,6,5,8,0,7,2,15,4,14,5,2,4,4,6,9,0,9,79
"45",3,8,5,10,1,11,5,0,10,8,22,5,8,5,9,0,13,7,13,3,2,7,4,4,9,8,7,0,0,10,16,9,2,0,5,11,0,18,6,7,11,6,2,11,0,4,9,2,15,6,0,3,3,3,7,0,3,0,0,4,5,0,11,4,12,3,12,0,7,12,0,0,7,7,0,1,2,7,10,1,6,3,14,20,8,0,14,4,8,2,9,15,5,10,7,9,3,0,12,0
"46",3,3,2,0,1,0,10,26,0,10,15,10,4,12,0,6,5,3,0,0,0,5,3,0,12,8,2,9,1,2,0,5,0,0,19,8,10,8,2,10,0,7,5,8,5,0,4,7,5,5,60,8,0,21,6,0,10,13,8,2,11,11,7,6,10,8,0,4,6,5,0,0,5,4,8,0,22,8,5,3,2,5,0,1,5,0,5,5,0,5,5,21,8,4,0,3,6,9,11,0
"47",9,6,5,7,9,8,6,0,8,5,3,12,2,0,8,0,2,4,5,7,3,11,7,0,5,5,0,3,12,12,0,1,1,0,12,3,8,3,4,0,6,5,8,0,7,4,6,5,10,0,0,6,2,8,16,82,11,0,0,0,3,7,6,2,6,0,4,11,0,0,0,7,3,4,4,2,2,2,2,11,6,10,3,0,4,0,13,6,5,0,13,8,5,3,12,2,8,3,13,33
"48",8,11,13,6,0,9,2,4,4,6,14,7,4,16,37,3,3,17,5,5,7,5,14,11,9,3,5,6,10,19,10,4,0,7,6,10,0,6,0,1,1,18,1,11,0,4,9,0,0,6,1,8,4,1,4,0,14,0,0,3,10,2,6,0,0,5,2,8,3,8,0,6,7,5,6,10,9,12,5,2,7,6,4,4,16,0,9,11,7,0,20,0,4,16,2,5,7,2,8,1
"49",16,1,4,3,5,8,0,3,11,7,10,4,9,13,5,0,3,12,12,30,8,4,21,1,1,7,5,4,0,0,9,0,6,0,20,4,17,4,24,2,4,2,3,13,13,12,3,11,14,3,2,2,3,0,6,1260,3,0,0,28,7,6,7,3,4,7,8,13,24,18,0,8,36,7,5,0,46,13,7,0,0,6,10,0,17,3,9,2,0,4,11,6,14,6,10,37,15,6,6,33
"50",12,0,5,14,0,19,12,47,0,12,49,18,5,11,6,1,2,8,13,2,15,15,0,113,11,4,55,10,14,0,0,4,22,0,0,4,4,13,0,7,4,14,4,2,8,0,10,5,7,6,13,3,34,17,13,0,0,0,0,3,2,12,13,5,10,5,0,8,28,2,2,46,16,12,8,4,17,7,4,23,13,9,6,4,9,0,6,49,19,2,3,3,9,8,0,0,2,16,7,3
"51",1,9,19,8,7,2,2,8,4,7,7,11,5,11,1,23,8,15,5,2,6,8,0,0,3,10,8,5,0,2,4,8,2,0,0,3,0,10,2,6,1,0,3,3,9,4,11,11,7,7,17,2,3,3,4,0,0,36,0,0,6,5,12,3,0,3,11,6,5,8,0,0,15,0,3,4,4,8,8,1,6,8,8,0,7,0,11,10,7,6,5,3,3,9,2,12,6,18,11,0
"52",4,7,6,8,4,17,8,14,8,5,2,6,5,8,6,1,11,0,3,6,7,8,12,6,7,13,4,11,0,15,8,9,7,0,7,2,2,3,8,11,1,7,11,9,8,1,19,0,17,2,25,5,7,7,0,0,5,6,11,2,1,5,4,2,8,1,2,3,6,5,0,9,12,0,0,4,8,18,4,4,8,9,2,0,10,0,12,2,8,9,3,9,5,3,3,0,3,16,5,1
"53",0,0,9,13,8,4,11,7,8,9,6,5,4,13,0,0,0,10,7,13,5,3,0,3,11,8,14,5,3,4,11,7,23,0,4,11,6,8,0,0,3,20,0,5,4,16,2,5,7,5,2,0,7,3,15,0,5,0,0,19,7,6,19,1,2,4,0,18,0,16,2,9,0,8,8,0,0,0,8,2,9,6,4,0,4,0,10,0,4,1,0,3,4,8,0,8,2,2,10,0
"54",7,3,8,1,4,16,1,5,0,12,9,2,11,8,2,27,13,16,0,1,4,8,5,0,14,2,18,3,3,2,6,0,4,0,1,9,5,7,10,0,3,2,3,7,10,3,6,0,7,12,0,1,4,4,3,39,7,0,2,12,6,0,4,7,3,7,3,5,3,15,0,8,7,11,7,3,11,8,8,9,0,12,10,1,6,36,8,0,10,8,15,0,3,8,6,8,11,0,10,3
"55",0,9,6,13,9,4,0,0,7,7,6,5,0,14,8,0,7,5,2,17,5,0,0,4,0,7,8,7,4,3,7,2,4,0,8,3,4,4,9,11,1,11,7,9,5,13,8,7,0,7,11,3,4,15,10,0,6,0,4,6,4,7,1,5,0,5,0,3,0,6,2,5,6,11,2,4,8,2,8,7,9,4,25,41,5,94,13,8,4,5,6,5,5,6,5,7,5,0,2,0
"56",3,4,3,9,9,0,8,10,8,8,6,6,0,2,0,0,0,7,12,3,11,10,5,0,3,9,12,3,0,4,15,5,3,0,7,9,4,0,5,7,6,5,7,2,8,6,10,10,4,5,0,13,5,11,0,0,11,0,0,4,0,4,13,28,5,8,0,10,0,1,0,5,6,5,2,5,0,4,12,0,6,2,13,9,5,0,2,23,12,0,4,6,15,3,18,3,3,3,9,21
"57",3,5,6,3,47,4,3,0,1,11,8,12,3,6,12,77,5,3,10,8,9,7,8,1,10,12,12,15,18,15,4,3,19,0,4,8,0,10,3,5,5,5,8,9,6,4,2,8,4,5,24,9,7,6,6,0,17,0,14,11,2,7,11,33,7,8,0,12,8,7,0,0,14,7,4,7,1,7,0,16,7,4,12,0,23,0,0,0,2,2,6,9,1,8,6,0,0,4,3,0
"58",0,3,7,5,18,1,1,2,10,8,13,1,17,10,0,0,6,6,9,5,7,7,1,2,3,11,17,4,2,10,7,4,7,5,0,12,3,5,0,3,16,4,2,10,4,1,1,8,6,5,0,4,5,16,5,0,3,0,0,1,0,7,5,0,0,3,0,6,2,11,1,18,11,6,4,8,1,2,0,0,3,8,7,0,3,7,3,8,0,0,6,7,4,6,0,12,0,8,12,3
"59",2,3,0,10,16,3,12,2,0,0,4,2,9,4,0,5,3,5,5,6,1,6,19,21,2,2,7,6,2,5,5,0,0,0,3,4,4,2,3,0,0,8,8,5,4,5,11,8,13,3,0,13,6,0,13,0,8,43,18,11,2,9,3,5,7,4,1,6,4,5,9,10,18,0,5,0,4,0,4,16,4,9,4,0,8,0,0,10,0,3,4,23,14,10,7,2,13,3,3,0
"60",0,8,5,16,9,3,8,0,2,7,4,0,9,5,2,10,4,0,7,5,17,8,20,8,4,8,6,11,14,6,6,8,0,10,0,10,5,2,9,7,2,9,0,3,12,4,8,4,3,8,7,4,4,10,5,0,2,152,0,48,9,9,4,8,3,11,16,5,1,8,0,9,5,10,11,7,3,7,12,5,9,5,0,2,8,258,12,8,0,4,6,6,29,0,5,3,6,3,14,3
"61",34,8,8,12,25,3,4,11,18,5,10,0,0,9,1,40,12,11,4,9,10,12,24,10,19,11,8,5,0,1,6,7,8,0,10,10,3,0,5,11,15,4,8,2,7,1,29,9,11,11,0,6,7,6,9,15,7,2,2,2,8,0,4,7,6,10,2,2,0,5,4,16,0,2,8,2,6,6,2,0,5,8,6,49,8,0,0,9,15,0,5,6,6,9,19,12,4,8,10,0
"62",11,6,15,3,4,18,14,9,39,2,11,10,11,15,1,40,15,13,14,7,13,0,11,18,0,8,14,11,19,3,8,21,0,0,9,0,19,0,26,11,12,12,0,7,8,11,8,0,7,15,0,8,30,0,0,0,6,0,0,1,4,19,20,7,5,2,0,13,15,17,0,18,11,9,3,2,1,12,22,5,6,0,8,23,0,0,3,18,12,0,17,30,6,22,12,22,15,17,5,0
"63",0,0,5,8,0,2,0,3,1,1,6,7,0,7,3,0,4,5,3,5,0,2,17,0,2,7,0,7,3,1,9,7,7,0,0,4,12,16,6,3,1,10,23,9,1,7,11,3,4,5,1,10,0,4,11,1,8,40,0,0,8,4,8,6,9,4,8,8,0,3,0,1,6,3,6,4,1,2,5,3,4,1,13,0,8,0,9,0,7,0,5,0,2,0,2,1,1,23,8,23
"64",0,7,8,9,0,3,3,0,23,1,4,2,5,8,1,0,5,0,7,7,4,2,4,7,5,0,0,3,0,1,11,8,5,0,2,4,3,3,7,4,1,12,4,5,9,2,0,7,16,4,0,8,0,5,4,0,10,0,0,6,12,5,12,10,3,4,2,6,5,7,12,4,8,0,5,2,5,0,7,9,3,7,1,2,4,0,5,0,0,6,9,5,15,5,2,0,10,5,5,0
"65",4,9,6,4,0,10,7,1,9,3,16,7,16,5,2,22,7,13,7,9,5,4,12,1,6,6,3,9,0,57,11,6,0,52,3,6,14,17,11,9,12,4,0,16,8,8,14,5,6,21,4,11,3,0,13,0,4,43,50,12,0,5,30,23,1,5,0,11,8,0,21,5,25,17,17,21,7,9,2,0,10,9,4,1,8,0,7,0,9,10,13,3,10,13,23,1,19,7,15,0
"66",10,0,9,11,10,1,8,2,2,3,6,8,8,0,30,0,1,7,10,6,5,1,0,8,13,0,3,0,17,8,11,10,4,0,4,0,0,7,0,4,15,5,0,4,10,10,6,5,10,4,3,2,7,7,6,0,7,0,0,4,0,1,8,12,13,4,1,4,7,3,8,2,14,13,3,47,5,7,10,15,3,13,3,13,5,0,0,5,0,4,5,9,9,16,6,12,2,8,5,9
"67",8,7,4,2,2,0,13,8,0,7,0,0,14,0,5,0,12,10,7,2,6,10,2,7,8,0,3,5,0,7,3,0,4,0,11,9,8,10,1,8,9,10,15,14,9,8,0,5,2,0,3,6,8,0,16,0,9,0,0,1,4,6,4,5,0,17,0,7,0,10,0,5,6,7,8,3,6,6,8,4,8,6,17,0,7,0,0,6,7,3,6,5,3,7,8,1,9,17,4,32
"68",3,0,6,0,3,8,10,19,18,12,0,8,3,11,1,0,6,7,7,0,9,25,19,3,12,15,8,6,10,4,9,10,11,0,14,9,16,20,2,10,11,7,10,8,19,0,11,15,7,9,0,12,15,13,3,0,6,0,0,0,29,10,7,4,3,14,6,17,0,6,1,14,17,5,2,2,10,4,5,7,6,6,15,9,14,0,11,4,7,7,0,0,6,2,0,3,9,19,7,13
"69",2,9,4,9,3,23,5,9,9,17,5,16,24,1,12,0,6,10,10,6,7,0,2,0,9,0,3,18,14,17,8,9,11,0,9,27,11,2,5,7,3,8,0,5,5,3,6,6,7,0,18,12,5,8,6,0,6,0,2,65,9,14,8,5,4,9,0,12,8,2,4,8,0,0,20,2,3,8,11,15,12,12,9,0,6,0,2,3,2,10,11,0,25,2,7,3,9,10,16,0
"70",24,13,5,8,11,7,0,2,0,5,4,8,6,15,0,14,9,7,3,6,4,5,5,3,9,7,7,13,0,17,17,6,0,1,5,8,4,3,0,0,11,5,15,7,6,11,9,17,15,1,7,7,3,0,11,0,9,0,1,0,15,10,5,11,8,10,8,16,0,0,0,0,3,0,6,4,14,5,6,8,9,19,3,0,7,0,6,8,11,7,7,26,4,0,4,9,0,10,15,76
"71",3,8,7,7,2,7,0,17,4,8,4,19,3,3,0,4,9,4,6,0,7,3,10,28,10,6,3,7,11,1,12,5,0,0,7,14,7,3,10,18,12,7,18,6,3,8,15,3,7,2,0,2,4,6,7,0,10,0,0,1,6,2,2,6,0,8,2,10,21,0,0,5,2,4,8,2,0,5,3,8,19,5,6,0,3,0,8,14,3,9,8,7,18,3,0,7,12,5,14,1
"72",27,7,9,1,1,3,15,4,1,0,14,3,2,6,0,0,17,7,1,1,7,0,0,15,0,0,9,0,35,1,3,6,8,0,13,15,4,3,4,9,7,11,7,2,7,6,3,5,8,4,0,0,5,4,0,1,12,0,0,8,8,4,9,8,13,11,0,6,25,5,0,0,4,4,3,5,0,3,2,1,4,6,1,0,11,0,9,8,10,10,3,7,6,8,5,6,6,4,4,10
"73",1,9,7,2,1,1,1,9,0,2,0,7,3,17,6,11,9,4,5,2,4,8,5,3,5,5,0,2,2,2,10,3,6,0,4,0,2,2,3,4,1,5,0,5,13,0,0,3,0,2,4,7,0,0,2,0,7,0,7,3,5,6,0,5,2,1,0,2,3,21,0,7,3,8,3,14,3,5,5,2,1,2,10,0,4,0,7,10,7,9,7,5,1,11,5,2,7,2,10,1
"74",0,5,12,8,1,12,8,8,0,7,8,5,2,14,13,25,4,8,4,12,8,3,4,6,5,10,5,6,0,5,12,9,3,2,4,10,7,11,1,0,7,15,11,9,1,5,5,9,15,15,5,0,5,4,7,0,3,0,0,5,17,9,12,8,14,12,26,4,8,12,0,20,6,4,12,3,5,0,6,5,12,6,5,0,0,0,0,8,8,2,9,5,9,4,3,6,5,0,0,7
"75",10,0,8,5,0,5,2,1,9,7,6,8,6,6,26,2,4,6,7,0,5,1,6,13,17,7,4,9,7,0,4,5,13,0,1,7,6,6,2,25,7,2,10,7,7,8,6,3,6,7,1,0,4,6,10,7,2,0,0,2,12,6,3,6,7,6,0,6,9,4,6,6,5,5,13,1,5,2,7,7,7,5,14,9,8,0,0,7,3,5,6,0,7,9,6,0,5,0,8,1
"76",3,9,8,12,10,6,4,0,2,1,19,13,6,9,1,3,5,0,12,5,28,12,10,4,10,8,4,2,1,87,18,5,7,0,11,8,8,15,3,10,17,0,6,2,4,19,9,15,0,11,10,10,9,19,7,0,3,0,7,7,2,6,15,20,8,8,3,8,0,1,0,0,3,20,0,0,36,5,12,12,14,7,19,10,8,0,10,35,13,23,11,0,0,1,4,31,0,21,7,3
"77",4,10,0,11,0,8,2,8,19,11,8,1,10,18,0,100,8,8,17,12,6,7,1,2,21,15,4,0,54,11,5,11,3,0,10,20,13,11,10,11,7,5,13,9,11,0,5,7,5,0,0,2,0,8,4,0,17,0,0,25,23,0,8,2,8,0,21,8,9,13,7,13,0,19,12,0,2,0,10,4,4,8,10,0,4,0,17,0,9,14,13,13,7,13,3,5,13,12,11,0
"78",33,15,21,15,11,0,8,22,4,13,9,6,8,12,2,5,9,10,11,14,12,11,1,0,39,8,3,5,2,9,0,10,5,0,12,27,0,11,14,0,3,16,2,20,10,5,12,9,9,20,6,11,8,4,7,0,7,0,3,0,12,3,0,0,23,15,12,30,6,22,8,6,11,2,19,4,8,11,0,17,12,16,7,36,6,0,7,28,0,16,11,5,3,14,12,11,5,6,16,0
"79",0,20,9,2,0,3,0,6,14,11,20,4,9,14,13,5,2,5,16,5,3,10,4,0,3,7,4,0,37,3,5,7,20,0,17,4,2,12,26,0,12,0,13,5,1,1,7,3,11,7,10,14,2,4,13,15,9,0,0,9,19,6,12,8,7,8,0,10,43,5,0,8,3,0,4,0,1,8,26,16,9,0,5,0,13,0,6,5,0,8,4,11,0,5,9,14,0,6,12,0
"80",0,11,8,7,3,2,7,0,13,9,3,4,0,0,15,10,6,10,9,1,11,4,7,0,6,13,11,11,2,1,0,15,4,0,14,10,14,1,2,15,2,18,5,6,6,2,14,8,8,14,0,14,15,8,14,0,5,0,0,0,10,9,2,2,0,13,0,8,0,14,0,2,7,6,9,0,17,4,11,1,4,0,1,0,15,0,2,6,0,11,17,15,32,9,5,4,15,18,1,0
"81",4,7,7,0,0,0,11,6,4,11,13,6,9,13,27,64,6,0,0,6,8,4,1,53,0,7,6,14,6,5,17,0,10,0,7,15,0,1,6,4,10,13,2,11,0,4,4,7,5,17,43,5,11,5,13,0,4,0,3,0,11,7,4,5,5,12,2,12,3,11,3,10,11,4,6,53,12,3,0,16,9,5,9,3,9,0,0,0,5,5,8,4,5,0,1,7,5,11,15,0
"82",16,14,7,12,9,0,14,18,8,0,8,9,10,9,8,0,10,7,8,7,9,19,0,0,16,11,7,10,0,1,6,8,2,0,2,3,19,12,12,6,16,6,11,0,0,9,17,8,13,11,27,12,19,5,8,0,19,0,4,0,14,10,7,6,20,13,48,8,24,24,0,4,19,3,3,25,6,6,3,5,12,6,0,0,0,0,7,12,3,7,8,11,3,7,13,7,10,6,14,0
"83",24,11,5,2,2,4,12,15,3,14,18,9,9,21,0,0,9,7,5,0,28,6,21,30,6,5,1,5,6,9,29,8,4,0,7,6,26,2,10,5,44,10,9,10,12,0,4,0,9,11,7,0,35,22,8,0,7,2,5,14,6,8,0,3,5,14,9,0,4,8,0,20,14,19,4,19,0,11,18,1,6,13,9,8,5,0,11,35,5,10,9,9,0,7,0,0,8,37,26,0
"84",5,9,12,0,33,2,3,12,12,9,9,5,9,3,15,0,4,12,4,5,13,5,20,0,9,2,12,3,9,4,6,17,19,36,9,7,5,3,0,8,0,5,0,7,7,17,0,7,2,22,0,8,0,2,9,0,4,0,0,2,7,4,11,9,5,5,6,13,3,3,0,0,6,5,7,12,6,8,4,13,11,4,0,2,11,0,3,0,9,9,10,6,26,8,3,4,3,4,18,0
"85",1,5,6,3,2,2,7,1,2,5,13,9,2,3,5,0,6,4,1,6,4,3,3,0,7,5,2,5,1,2,12,1,1,0,0,0,0,9,7,9,7,2,0,12,5,6,4,4,0,0,0,3,3,3,10,0,0,9,0,12,6,1,8,4,7,7,1,8,5,7,0,3,4,0,0,0,3,0,0,2,5,11,1,0,0,0,0,2,7,7,4,0,4,0,1,0,3,0,2,0
"86",4,8,7,11,7,5,0,0,5,10,8,0,7,4,6,1,13,4,9,6,5,10,10,16,7,0,6,5,5,0,7,2,3,0,9,1,5,6,3,8,12,5,5,7,0,1,9,10,6,0,1,2,0,4,10,0,9,0,0,0,6,2,4,23,7,0,3,6,7,4,1,6,4,7,3,5,5,11,0,23,5,9,0,0,11,0,4,4,8,8,5,5,1,11,1,4,0,4,22,23
"87",16,18,6,10,20,43,11,24,17,0,28,10,16,16,9,29,3,5,5,16,31,11,44,0,4,5,3,18,14,3,43,11,9,0,11,5,6,10,11,21,24,24,21,7,8,4,7,10,7,3,19,9,18,25,12,0,0,76,70,0,0,14,8,4,3,12,38,17,4,12,28,20,2,21,19,51,25,14,17,21,13,0,0,9,9,1,7,26,9,10,2,5,10,20,16,8,5,12,9,0
"88",0,3,3,10,6,68,17,0,7,13,24,14,12,15,0,0,10,19,4,11,17,47,5,11,12,8,13,14,0,0,14,8,0,8,15,10,7,12,2,26,95,10,5,9,6,1,10,9,7,19,2,0,8,39,0,0,9,0,1,21,6,6,11,14,10,6,5,8,8,20,9,36,0,18,11,0,0,15,6,0,16,9,4,15,15,0,9,0,14,6,6,18,9,16,43,6,0,15,4,2
"89",0,20,14,12,5,14,17,19,7,2,12,29,15,15,9,1,29,13,18,13,16,13,34,6,4,10,4,0,0,17,9,8,11,24,19,3,4,6,8,8,12,10,15,11,1,23,8,10,3,5,0,9,27,0,5,0,20,0,0,0,9,9,13,7,18,8,0,12,11,17,14,0,18,6,16,13,14,8,12,8,9,0,20,3,0,0,19,0,9,17,9,0,17,10,4,6,0,2,16,40
"90",6,13,5,8,45,8,3,1,2,7,2,4,3,0,3,0,7,11,6,8,4,11,2,0,8,0,10,12,33,12,0,5,7,0,7,14,1,7,3,7,8,10,2,4,9,0,10,12,0,0,7,9,3,15,16,0,5,0,0,5,12,0,7,12,3,8,7,3,5,8,0,11,4,2,8,2,3,0,6,3,4,4,12,1,6,0,0,4,0,6,20,5,5,5,0,2,18,3,13,7
"91",2,3,7,14,4,10,4,21,4,5,1,6,11,8,30,0,7,9,8,2,0,0,10,79,6,0,0,6,11,6,12,3,22,0,0,12,0,9,4,8,21,14,2,4,0,5,9,3,0,11,0,0,10,14,3,0,0,0,0,14,2,5,10,7,11,1,5,0,3,9,0,0,14,13,12,4,9,4,7,1,9,10,8,0,4,0,1,16,8,12,7,8,8,15,16,12,11,31,8,5
"92",19,11,10,0,20,0,8,4,11,3,10,7,20,7,9,0,12,2,11,14,6,1,2,25,0,4,0,5,0,1,9,9,12,0,24,2,5,5,16,20,25,15,0,7,11,0,16,19,14,0,0,11,7,10,3,0,4,0,0,2,8,9,6,9,4,7,0,8,7,3,2,15,6,11,0,8,1,11,0,21,8,2,15,0,12,0,19,25,13,0,4,15,4,11,3,9,5,14,6,1
"93",0,6,8,12,17,10,13,4,30,4,15,15,5,10,2,15,0,4,12,3,4,7,2,10,15,4,7,17,12,39,6,0,5,0,3,6,22,3,11,0,2,10,18,4,21,9,8,8,0,0,4,13,7,10,0,0,10,0,0,18,6,5,6,7,10,8,0,11,0,16,0,0,4,7,4,3,0,11,7,19,9,6,0,6,15,0,22,20,9,9,8,6,1,0,2,3,14,3,17,7
"94",7,8,0,7,6,0,8,18,8,9,11,9,5,6,22,10,12,0,4,8,4,6,0,2,12,8,8,29,0,4,6,12,22,0,9,6,6,10,3,5,13,4,0,7,0,2,9,8,7,0,6,5,2,4,7,0,12,0,1,1,6,3,0,14,10,1,13,4,14,6,0,11,9,6,10,0,0,7,14,2,8,2,0,1,2,0,11,14,5,4,0,3,4,14,12,11,10,3,1,4
"95",7,4,8,11,8,2,0,5,6,4,1,3,0,20,5,26,10,0,37,15,9,4,3,1,19,13,12,9,3,2,16,15,15,19,14,6,11,0,7,11,9,6,0,12,21,2,4,3,4,9,29,12,18,2,10,0,9,0,0,3,8,1,1,20,7,6,2,5,2,0,1,5,9,3,8,13,4,15,4,10,8,0,39,1,4,0,0,0,6,8,8,7,5,10,1,7,6,1,12,17
"96",0,5,8,5,6,17,15,7,9,8,13,9,6,3,0,0,12,3,1,8,49,4,19,0,3,6,7,10,0,8,13,8,8,0,0,5,2,7,8,8,10,13,9,5,4,0,10,0,12,11,1,7,23,21,7,0,12,0,2,0,13,7,4,2,6,9,0,4,3,23,1,21,5,0,23,44,6,10,3,5,2,8,9,12,4,0,2,23,4,6,6,10,18,5,7,3,5,5,7,1
"97",8,13,7,7,32,14,0,0,9,7,40,11,7,10,0,0,8,12,16,7,22,10,10,0,9,0,11,0,2,0,32,8,3,0,8,7,1,4,4,15,53,3,6,4,8,9,3,4,8,2,0,16,6,20,8,1,0,0,0,4,5,7,2,11,8,5,0,0,13,8,0,30,0,27,16,26,2,10,13,4,10,14,5,3,17,0,0,34,9,25,19,0,15,26,9,20,2,41,7,94
"98",7,10,0,0,6,0,5,16,3,10,15,7,17,0,3,11,6,24,3,25,19,0,20,44,14,0,8,8,2,40,49,18,9,0,9,16,3,9,4,11,77,2,9,9,1,18,23,0,0,16,1,5,63,46,8,0,4,0,0,5,11,5,24,5,12,8,9,11,0,7,7,50,10,0,6,5,23,2,8,14,10,0,7,0,0,0,17,20,9,0,8,29,9,7,7,10,12,30,6,5
"99",1,7,11,2,3,9,9,7,3,2,0,4,3,4,3,0,7,5,4,5,6,10,1,53,6,3,0,4,7,0,21,7,0,0,6,0,3,3,0,7,6,6,15,2,2,9,5,3,1,5,0,0,21,8,5,1,0,0,0,0,3,3,1,8,7,0,9,6,2,2,1,0,10,13,3,11,0,0,1,2,4,5,5,0,3,0,10,16,9,12,1,0,4,0,5,0,7,2,4,0
"100",4,4,5,15,0,21,5,25,7,7,98,19,3,12,0,9,9,18,11,3,8,5,29,67,11,10,10,10,1,37,25,16,2,0,10,12,5,9,8,8,11,17,6,8,14,1,7,10,4,12,0,12,61,70,9,0,2,1,0,3,7,5,0,6,17,2,0,9,10,12,0,21,10,13,13,79,10,11,15,0,6,9,2,4,5,0,2,22,8,1,12,13,9,0,27,13,5,16,11,0
"101",24,8,13,5,2,10,1,29,1,9,0,4,6,10,0,0,0,9,0,14,40,7,19,4,7,8,0,9,9,13,40,9,5,0,8,11,1,8,4,9,0,5,6,8,5,0,7,6,4,15,12,9,14,34,3,54,7,4,173,7,6,5,0,5,7,11,3,3,0,11,0,27,8,41,11,0,1,10,0,3,0,4,8,0,0,0,7,23,13,8,7,8,3,6,1,5,8,28,2,0
"102",0,6,4,13,1,2,8,3,1,6,9,6,10,3,7,5,7,6,7,0,7,3,9,0,3,4,14,7,1,6,10,0,2,0,0,2,0,4,17,8,1,5,0,14,2,0,0,3,1,1,0,9,3,0,5,0,1,4,21,2,5,8,4,10,5,4,8,6,5,11,0,4,13,2,11,5,5,3,0,3,4,9,5,12,7,0,19,0,11,13,6,10,4,4,2,5,5,16,2,3
"103",14,2,0,10,25,74,5,32,14,12,38,14,8,8,8,0,13,10,9,16,24,17,1,84,11,11,4,6,1,6,25,11,11,0,11,5,12,23,13,6,9,20,6,18,8,5,12,4,17,11,0,8,3,25,2,111,15,0,0,2,0,13,2,12,8,10,24,8,4,6,8,31,34,0,9,2,13,11,11,10,17,4,2,0,11,0,6,32,8,5,7,12,7,3,2,17,0,24,0,1
"104",14,8,6,0,5,13,0,49,9,13,7,8,4,6,3,0,3,12,22,2,29,0,13,38,0,0,10,7,0,20,12,0,3,0,4,16,6,14,6,9,21,3,3,4,7,3,11,2,6,1,4,5,23,10,9,76,10,0,9,5,8,1,2,12,10,0,1,11,0,3,11,21,8,29,4,13,3,13,6,0,8,5,7,0,9,0,5,13,10,8,11,7,4,7,5,17,8,10,6,2
"105",1,9,0,15,2,11,6,0,0,2,4,0,0,0,1,1,1,12,1,5,7,10,2,2,10,0,4,7,0,2,9,0,5,0,19,9,7,8,9,8,3,2,3,5,11,5,0,11,7,2,6,0,0,8,10,0,4,2,9,9,0,11,3,8,7,12,0,3,5,3,0,5,18,9,0,0,1,11,3,17,6,0,15,11,2,0,6,1,6,5,9,0,11,0,2,16,4,17,5,0
"106",4,4,0,5,6,3,5,1,0,3,6,2,0,5,3,16,4,7,7,5,0,6,2,12,6,0,10,3,1,4,2,6,12,0,4,4,6,6,0,7,17,7,8,6,4,2,13,9,2,10,4,12,11,4,4,3,11,0,0,3,14,4,0,4,0,6,0,7,4,3,7,4,0,10,8,8,6,7,3,4,2,5,5,0,2,0,5,4,8,0,8,14,4,15,4,7,6,1,3,0
"107",2,14,7,5,3,2,14,0,2,6,2,5,31,0,1,0,19,6,0,10,20,4,1,0,7,5,10,5,42,24,6,5,14,0,0,5,13,3,3,10,9,14,3,0,3,7,8,11,13,6,1,4,6,14,9,0,0,1,0,3,0,18,2,7,20,5,4,16,1,10,1,19,5,6,5,3,16,10,5,8,12,0,7,7,5,0,0,3,9,7,5,8,13,14,8,19,4,6,12,0
"108",4,4,12,4,0,0,6,3,6,12,10,3,0,5,11,0,3,0,8,10,7,14,4,4,5,12,14,5,1,33,7,16,19,0,10,5,4,11,8,6,5,4,13,7,6,22,6,14,2,14,1,2,9,2,10,0,8,0,2,9,6,12,4,0,5,0,4,6,0,6,3,13,9,4,0,0,18,7,6,7,13,5,8,4,15,0,2,0,7,5,6,5,17,4,0,2,6,1,5,7
"109",7,6,0,6,5,17,7,51,8,10,7,4,23,7,11,16,7,6,3,3,19,12,12,18,6,13,25,4,0,13,13,3,11,0,7,2,13,16,15,0,8,7,3,8,8,5,16,2,9,16,0,14,5,20,9,0,0,0,0,8,9,6,9,9,9,12,3,10,28,13,4,37,6,43,4,58,0,3,13,9,4,8,12,8,1,0,5,19,7,4,5,2,22,8,0,0,7,47,18,0
"110",5,8,6,0,10,75,2,55,4,4,54,26,0,12,11,1,1,0,9,3,21,8,14,4,3,8,10,3,0,3,0,2,2,0,8,13,4,6,5,10,3,8,0,9,10,5,7,9,21,10,1,7,27,17,9,9,8,0,0,14,4,0,1,10,6,4,1,6,25,0,4,19,3,6,8,69,0,8,4,31,3,7,14,0,4,0,7,9,8,0,3,3,5,9,1,22,3,31,4,2
"111",5,11,8,13,10,16,3,3,1,3,3,11,13,5,0,0,6,15,5,14,0,6,0,10,1,9,7,8,0,0,2,0,5,0,10,1,10,6,11,0,22,13,0,11,26,16,18,10,9,17,1,10,13,3,9,0,5,0,0,7,13,6,9,12,5,0,29,18,6,5,0,18,8,2,9,6,26,0,4,0,5,9,0,0,7,0,8,15,7,12,2,8,7,7,11,2,5,6,17,0
"112",0,0,5,5,3,2,2,2,5,6,6,6,11,8,1,2,24,3,6,5,0,5,3,2,5,3,0,16,18,0,11,9,6,0,9,16,8,4,2,5,5,8,7,10,16,13,7,7,0,5,0,8,9,4,1,0,4,0,0,0,0,5,0,0,3,14,6,9,0,13,0,17,5,3,8,2,0,7,8,5,6,5,8,0,10,0,0,13,11,13,7,9,11,13,5,2,9,8,18,1
"113",13,3,3,3,9,12,5,0,8,2,40,8,13,14,9,4,10,0,2,8,13,5,2,4,6,6,4,13,5,1,7,13,2,0,7,4,3,2,9,15,10,1,6,5,4,7,2,5,12,0,1,2,2,20,5,0,21,3,0,12,8,1,0,6,0,4,1,8,5,3,0,0,5,7,2,11,10,8,6,5,3,6,5,7,0,0,10,17,0,15,5,3,5,9,5,31,10,5,2,0
"114",0,2,7,0,2,1,0,11,14,12,13,13,5,3,1,25,3,9,10,3,13,6,5,0,4,11,4,0,1,0,7,2,0,1,5,12,7,8,8,2,2,7,8,4,4,16,0,5,10,2,0,10,3,4,7,0,9,77,0,3,8,0,8,4,9,7,0,7,1,8,0,1,4,9,15,23,0,0,11,2,9,8,3,19,2,0,4,0,10,0,0,8,20,0,8,2,0,12,7,0
"115",15,0,9,19,7,5,8,3,13,4,4,8,18,18,21,0,0,10,3,17,16,7,11,0,6,6,4,11,1,3,0,17,14,37,8,8,6,17,14,5,1,10,7,12,21,32,17,10,16,16,12,13,7,5,10,0,6,0,0,4,1,7,12,3,0,14,8,8,1,1,0,12,0,14,18,0,8,0,0,2,21,6,14,7,8,0,6,6,7,4,8,19,0,30,10,7,9,1,0,5
"116",1,4,8,6,23,7,5,6,4,15,2,14,11,2,33,17,15,5,7,0,10,7,14,0,2,10,3,0,39,13,4,11,5,0,2,0,14,16,0,9,1,6,6,5,7,0,4,3,6,5,0,6,6,11,4,0,10,0,0,1,0,4,10,5,4,3,1,7,2,9,0,5,4,0,8,0,19,4,3,3,0,8,14,2,4,0,10,4,4,8,3,0,0,6,0,13,9,4,5,0
"117",4,5,8,0,0,24,17,10,8,3,37,7,6,0,3,0,9,5,0,10,19,11,0,0,9,11,6,6,1,20,0,0,3,0,7,14,4,10,2,6,22,0,7,10,6,17,12,6,5,14,2,5,30,0,6,0,6,0,5,6,6,11,6,3,15,0,7,5,6,8,0,8,5,44,0,0,11,11,11,0,6,8,0,11,11,0,24,0,5,26,5,8,0,5,3,2,11,3,2,0
"118",2,6,8,3,3,0,10,0,1,5,3,15,28,0,2,50,0,7,18,15,8,6,24,2,12,15,3,4,6,6,4,7,9,0,0,8,0,0,22,15,0,5,3,6,3,5,6,14,0,13,10,9,0,9,4,0,10,0,0,13,0,11,6,14,14,0,17,7,2,8,0,9,0,6,16,8,8,3,4,7,8,7,0,9,1,0,7,6,8,9,3,0,4,9,21,0,8,3,8,0
"119",3,3,3,4,4,10,24,10,17,10,5,0,2,4,2,0,11,3,7,14,9,8,6,2,2,9,1,6,5,2,6,7,1,0,0,6,4,0,7,16,1,3,6,10,4,18,2,0,13,9,7,11,22,4,4,0,3,3,0,2,12,2,15,1,5,18,0,8,4,7,0,11,1,6,6,0,5,6,14,3,8,5,10,1,2,0,6,7,5,5,10,1,9,7,2,1,4,19,2,7
"120",2,2,12,8,17,12,7,14,3,7,0,10,10,7,11,8,18,33,0,15,11,8,0,0,8,11,6,14,0,0,8,9,0,0,26,8,10,21,4,9,20,0,10,13,27,6,5,7,8,2,20,3,5,17,2,0,6,0,0,5,0,18,12,9,0,3,17,5,18,10,0,6,3,4,9,19,12,4,20,2,11,24,8,0,25,0,5,14,0,6,9,0,1,9,8,10,10,6,10,0
"121",0,19,8,0,9,0,0,31,20,22,16,3,14,7,1,19,3,0,11,0,20,0,6,10,18,5,3,3,1,3,8,13,12,0,4,3,17,0,3,13,0,7,5,8,11,23,11,6,2,3,3,10,2,2,12,0,13,62,0,1,16,5,9,11,12,13,7,15,4,0,12,7,14,12,12,5,3,7,3,1,5,8,3,47,0,2,0,0,14,8,4,5,7,2,9,1,9,5,7,26
"122",1,5,5,7,21,32,11,7,28,0,10,38,4,13,10,1,9,12,9,11,5,8,23,6,3,4,7,9,1,3,8,9,1,0,3,10,5,7,3,11,20,10,0,12,9,0,11,10,10,2,0,12,17,3,12,1,7,0,0,2,13,8,3,0,18,11,1,13,19,0,0,9,13,0,6,3,1,0,0,4,13,2,0,0,17,0,3,11,4,3,10,1,5,8,0,9,4,25,10,0
"123",8,13,8,9,14,0,0,0,17,6,4,5,9,0,7,7,9,2,7,5,27,1,0,29,8,13,6,13,5,0,39,10,7,0,0,9,23,0,13,2,9,4,18,4,0,6,33,11,2,2,5,10,45,12,0,0,10,0,0,0,7,2,5,12,6,10,5,4,2,3,18,12,7,23,6,125,2,4,12,17,13,8,4,0,12,0,7,15,0,20,8,5,3,5,1,7,8,24,9,0
"124",40,6,12,0,16,10,9,0,23,4,17,11,6,8,1,0,12,4,0,10,6,8,3,10,7,5,5,5,1,23,9,7,5,0,17,3,10,12,4,10,3,15,2,0,2,16,14,8,2,15,0,9,4,11,4,0,9,0,0,27,11,3,12,3,10,7,2,5,5,3,2,4,13,5,11,22,0,14,10,4,11,3,5,5,10,0,26,0,6,5,6,5,4,10,24,0,7,3,0,13
"125",5,22,0,4,6,29,7,12,11,2,9,14,18,0,19,16,5,9,13,23,42,9,0,6,10,8,0,9,0,51,21,11,8,0,8,10,6,13,15,14,23,5,10,12,10,8,0,10,18,16,0,8,31,18,12,0,10,0,0,17,7,9,0,24,2,13,4,6,0,10,2,14,0,28,9,135,26,0,4,15,7,26,17,0,0,2,19,0,4,4,0,0,9,12,10,6,6,13,6,36
"126",0,5,14,9,10,11,2,10,7,12,17,9,20,8,3,6,9,3,11,10,21,10,1,2,25,9,3,0,14,55,35,9,5,0,10,3,12,6,12,10,0,9,15,0,11,1,14,0,15,15,3,7,9,23,0,1,5,26,0,4,10,5,8,5,5,0,28,0,0,12,0,27,4,41,9,25,2,4,14,0,9,6,9,1,7,0,6,33,1,0,13,12,6,6,6,6,11,15,9,1
"127",13,8,5,0,13,2,14,0,20,15,0,10,9,5,0,1,4,5,3,4,9,13,5,0,8,5,32,13,0,0,5,8,11,0,18,5,12,29,4,7,7,3,8,9,0,4,9,9,5,6,0,6,0,3,4,0,8,112,1,2,4,9,8,9,8,8,14,0,0,3,3,9,0,7,4,9,13,7,8,2,14,7,12,15,12,0,12,7,9,11,0,17,7,0,3,14,10,2,6,0
"128",9,5,5,3,1,4,12,11,3,0,2,12,9,6,11,0,0,6,0,2,5,9,23,23,4,0,6,0,0,1,6,5,1,0,0,18,4,7,3,1,0,2,3,2,1,8,2,4,6,2,0,4,5,6,7,0,14,62,3,1,0,3,9,1,4,6,0,3,0,0,4,4,4,3,0,9,7,0,8,1,3,7,2,4,12,0,1,0,5,3,6,0,7,2,28,7,5,6,0,14
"129",0,15,5,5,8,9,8,16,41,4,6,4,10,7,24,13,2,0,5,8,3,13,0,4,6,6,0,7,0,2,4,6,2,0,6,6,10,9,15,0,4,13,6,5,0,0,11,10,4,16,10,7,0,9,8,0,9,0,24,2,10,9,5,3,5,4,5,7,2,4,0,9,0,9,9,12,0,6,0,4,13,0,3,1,5,0,6,9,14,18,0,12,5,4,3,16,0,9,10,6
"130",4,11,11,10,2,22,0,29,28,9,40,12,7,8,4,0,15,12,4,19,44,12,18,36,4,6,7,3,0,23,36,10,22,0,5,7,14,8,16,13,28,9,7,5,17,16,10,1,4,7,20,13,20,46,11,0,12,0,44,55,15,11,10,11,5,14,5,0,28,6,0,38,28,45,3,20,3,9,14,17,5,13,6,3,11,0,3,43,7,15,8,19,0,15,14,25,19,10,6,0
"131",10,0,12,10,5,114,3,23,4,15,62,9,3,12,2,14,15,12,12,16,55,4,1,2,9,13,3,4,24,23,36,17,1,0,16,8,0,15,7,1,66,4,19,13,10,20,7,15,5,0,26,0,10,30,9,0,0,0,9,0,9,13,17,17,5,3,29,17,2,5,6,48,8,0,12,42,26,9,7,13,11,10,8,0,18,0,11,12,10,8,12,5,1,5,2,4,7,14,10,0
"132",0,4,4,7,0,4,4,6,2,0,0,4,2,1,6,0,7,7,5,3,1,1,3,5,4,8,9,8,0,0,10,3,1,0,0,1,6,3,27,3,0,0,6,5,7,16,7,9,5,2,0,10,0,6,6,0,0,60,0,19,4,17,7,2,6,12,1,3,0,5,1,4,13,6,7,4,0,4,3,7,4,6,6,21,3,0,7,3,7,16,0,13,1,3,1,9,6,15,5,0
"133",1,5,4,7,4,2,6,0,1,8,11,2,7,3,0,3,11,0,0,6,3,5,1,5,7,4,3,4,0,1,7,0,7,28,13,5,22,0,1,4,2,5,13,4,7,6,0,6,3,12,4,6,7,4,4,0,7,1,0,3,5,9,14,11,4,0,4,2,10,8,2,9,15,5,9,0,9,12,9,16,5,16,3,4,0,0,2,3,4,0,2,18,3,7,3,0,4,0,8,0
"134",5,7,3,6,5,8,9,2,12,2,10,0,12,4,4,0,3,0,0,3,15,3,7,46,0,7,5,1,2,25,14,3,5,0,14,2,5,16,0,4,27,11,5,0,7,20,5,5,0,17,0,5,34,16,9,0,3,0,0,8,5,4,2,10,0,2,0,5,10,9,0,15,12,44,6,2,4,14,9,5,8,2,4,14,0,0,3,3,3,5,4,24,7,5,5,3,7,27,4,7
"135",0,3,5,0,6,0,0,0,1,4,4,1,5,1,2,0,2,6,1,8,6,6,3,2,3,2,3,8,1,0,1,7,4,0,3,10,0,8,0,5,5,7,4,2,1,4,5,7,2,4,0,4,5,4,3,0,0,0,1,4,4,0,2,4,3,2,0,4,1,3,47,3,4,8,4,5,0,3,2,0,7,7,2,13,2,0,1,4,5,2,1,10,7,5,0,0,3,4,2,0
"136",0,11,13,11,16,44,12,0,5,9,12,7,8,13,0,1,0,11,9,20,16,8,2,14,14,13,0,4,1,5,4,0,0,123,17,5,16,3,2,4,10,7,6,8,11,0,29,12,11,9,4,12,14,6,21,0,6,0,0,2,22,6,7,15,8,3,27,0,1,0,0,0,10,2,13,7,1,7,11,3,8,16,17,20,18,0,8,5,0,10,9,18,22,6,10,4,14,12,17,0
"137",26,0,2,9,11,12,7,16,35,3,16,9,11,4,13,0,6,9,5,0,20,6,6,17,2,3,6,6,9,1,8,3,17,0,0,5,6,0,3,2,18,1,0,9,0,10,4,8,12,3,18,7,11,42,6,0,10,32,3,6,3,3,7,10,11,8,7,5,1,15,21,12,5,38,7,12,9,4,5,9,4,2,22,0,10,0,6,25,6,7,6,5,18,8,3,2,2,19,5,0
"138",0,6,2,0,3,18,5,14,5,7,17,0,1,14,2,0,2,4,4,5,0,7,12,106,6,4,1,11,0,13,12,11,1,0,6,11,4,5,9,3,5,2,5,3,11,2,14,10,9,2,0,14,11,15,4,0,4,0,0,1,13,11,6,10,10,0,26,6,4,2,0,0,9,7,2,45,0,0,3,3,5,6,13,0,2,0,0,58,7,0,6,15,2,0,10,5,3,7,0,6
"139",0,4,7,10,0,25,4,7,3,5,21,4,0,10,12,4,11,6,6,2,12,5,8,0,5,10,5,12,0,97,32,16,7,0,8,4,11,2,2,0,43,9,7,10,5,9,2,10,9,6,20,9,36,62,4,0,10,0,1,33,12,11,6,29,19,10,5,16,30,8,10,28,4,26,0,2,18,0,13,11,5,14,0,0,5,0,7,42,1,5,18,0,18,6,0,20,9,0,6,29
"140",3,3,14,13,4,1,10,3,16,0,3,3,0,0,0,6,8,11,7,18,11,5,10,7,5,8,12,13,42,1,6,14,2,0,15,0,24,3,7,12,0,9,7,9,4,5,14,12,15,21,4,5,11,3,2,0,21,0,0,21,9,9,3,2,0,12,3,0,26,5,1,9,11,10,10,0,4,13,4,15,6,7,9,3,7,0,10,12,9,14,14,0,5,0,9,8,6,6,0,4
"141",6,6,12,12,16,12,2,26,4,7,0,6,3,0,3,0,4,6,2,6,2,13,1,7,8,10,3,6,11,6,11,8,12,0,12,0,3,18,25,6,4,4,0,0,21,0,2,5,6,0,27,0,3,6,11,0,11,0,0,2,11,8,3,5,0,6,6,8,12,0,0,0,0,1,13,0,9,5,6,14,11,15,2,0,9,0,6,5,10,4,6,1,20,5,20,6,10,6,4,0
"142",2,5,4,5,3,27,8,11,4,5,3,0,2,18,2,18,6,7,7,5,16,8,2,0,14,12,10,9,14,6,12,2,4,8,2,6,7,2,15,10,0,14,2,5,12,10,23,2,1,6,30,5,13,26,0,0,10,0,0,4,7,9,14,6,8,1,0,5,6,1,0,25,8,13,2,0,12,5,16,0,13,8,3,0,4,0,6,0,9,6,4,12,4,13,9,8,5,26,5,0
"143",3,4,9,10,3,27,6,22,11,3,30,6,3,11,13,42,17,0,3,0,25,5,2,46,15,0,1,7,22,13,21,0,0,0,7,9,2,6,6,6,12,8,7,15,31,1,11,9,9,12,0,16,0,14,11,5,0,0,0,1,6,14,4,13,6,0,4,10,4,15,6,26,6,38,11,54,12,7,11,22,6,0,8,2,8,0,0,26,2,3,4,1,4,4,11,7,12,19,22,5
"144",2,14,7,10,39,13,0,10,0,17,12,7,7,5,1,2,5,0,0,14,15,6,0,7,9,15,8,10,0,5,7,4,10,0,9,12,6,0,2,4,14,8,10,9,23,3,6,0,1,8,1,5,0,20,15,0,18,7,1,0,0,10,6,13,8,20,0,6,8,9,0,7,18,7,0,16,0,25,10,4,5,7,7,0,34,0,11,5,13,8,13,0,15,11,4,20,5,2,7,0
"145",0,2,8,9,1,5,0,3,9,10,6,13,9,6,1,27,19,5,6,3,3,7,0,37,3,4,5,6,0,25,0,0,10,0,13,0,5,4,4,23,3,8,7,2,22,0,25,18,1,2,0,0,4,4,15,0,5,11,0,0,9,0,3,7,6,8,9,0,13,7,2,7,15,1,6,2,3,0,6,2,7,6,8,4,4,0,8,3,4,2,5,3,2,11,3,14,4,3,7,0
"146",29,7,13,12,4,4,5,4,2,9,11,7,3,6,26,0,0,8,8,0,0,4,5,4,4,3,1,0,2,0,4,1,3,0,3,4,6,0,3,10,6,5,6,0,3,19,0,13,1,7,0,6,2,0,6,0,7,1,10,3,5,15,7,8,7,7,1,10,4,7,9,3,2,0,16,25,0,10,3,3,7,8,8,2,9,0,5,0,6,2,0,0,1,0,5,2,6,23,6,0
"147",3,8,9,4,2,16,4,25,4,0,14,11,5,6,1,10,7,10,5,10,13,9,3,6,5,5,4,4,2,6,11,3,0,0,7,8,5,2,2,3,3,9,5,5,1,3,5,5,11,0,0,13,33,18,0,0,3,0,7,5,8,7,2,14,4,18,3,4,3,13,0,30,3,19,5,21,0,3,0,0,4,5,4,0,12,0,9,0,4,4,3,14,6,4,11,0,6,7,1,0
"148",12,3,7,14,8,0,3,7,4,13,17,8,2,10,4,0,5,8,13,7,26,3,1,10,13,8,3,4,38,32,29,11,2,0,6,6,7,8,6,5,25,4,11,1,3,2,3,7,5,11,0,16,23,20,4,0,9,0,0,2,4,9,0,18,9,8,0,4,2,10,1,18,9,23,0,92,3,6,6,0,0,1,3,14,2,0,8,13,6,0,4,4,4,6,4,3,8,19,3,0
"149",0,1,6,10,0,5,0,4,2,7,3,8,14,11,2,9,7,6,8,13,4,5,0,2,8,11,14,7,9,5,8,1,6,0,5,10,0,4,4,2,6,0,5,6,1,0,10,5,5,5,0,12,5,6,6,0,9,0,0,2,4,4,6,8,6,3,0,7,7,7,0,2,1,3,1,8,2,4,0,12,2,10,4,2,31,0,4,4,0,3,4,0,3,2,0,3,7,2,9,2
"150",0,13,9,2,3,7,2,15,5,16,8,7,1,17,7,0,9,21,5,6,16,0,33,4,16,10,8,15,1,5,0,0,10,3,6,12,15,10,1,11,0,13,15,9,7,5,3,0,4,13,0,11,11,5,0,0,4,0,0,0,4,4,13,6,4,22,10,4,3,12,1,8,6,7,5,13,0,10,11,9,5,16,9,2,0,0,6,3,15,0,16,19,16,6,6,0,13,0,9,149
"151",4,11,5,5,7,9,5,7,14,12,3,5,5,2,9,0,5,0,3,1,3,4,1,1,4,10,3,16,3,10,5,6,22,0,7,7,8,5,4,4,5,4,2,5,2,7,8,5,15,7,31,6,9,7,9,13,4,0,0,13,8,2,2,0,2,3,19,4,2,4,5,1,6,4,17,9,9,12,9,5,10,14,10,0,5,0,4,10,3,0,3,2,8,3,0,5,7,3,1,0
"152",4,6,3,6,5,39,1,48,1,3,23,0,2,5,0,0,0,10,8,4,15,6,0,9,0,0,1,7,10,21,0,0,4,0,11,4,7,6,16,6,1,8,3,0,16,3,0,11,7,13,31,4,12,12,9,0,1,0,0,3,0,8,0,3,8,7,1,0,8,8,3,22,3,9,19,22,7,13,6,11,0,6,5,2,4,0,9,10,4,7,6,14,1,5,1,7,8,38,0,87
"153",3,2,4,6,0,7,8,1,1,4,8,0,1,6,26,0,5,15,1,6,9,2,16,7,0,7,9,4,0,2,13,2,3,0,5,0,10,8,5,8,4,12,7,0,4,7,11,8,1,17,0,2,7,6,6,0,8,0,0,17,5,18,7,6,3,6,6,2,3,8,3,7,22,6,8,0,1,10,7,14,0,2,17,0,5,0,0,9,5,11,6,4,7,1,11,8,11,5,6,0
"154",4,0,5,9,7,16,10,14,3,5,0,14,3,7,0,0,0,4,0,6,15,14,2,21,3,9,10,0,0,26,25,3,4,0,5,5,8,14,10,0,14,1,5,0,5,21,5,4,5,8,12,16,26,22,4,0,8,0,0,16,7,7,2,5,5,6,1,1,10,9,0,33,2,18,9,0,6,4,9,12,0,11,8,0,11,0,3,12,11,8,5,7,3,9,16,10,5,18,9,1
"155",11,5,5,5,4,55,0,0,7,7,11,5,3,0,0,1,21,4,5,1,9,8,7,71,3,0,5,2,27,41,25,7,9,0,7,9,7,4,11,0,0,8,3,6,1,0,4,8,11,5,0,0,18,19,5,0,6,0,0,1,22,5,11,10,0,0,0,11,6,2,0,8,0,16,13,17,1,4,8,12,9,8,7,0,11,0,1,0,8,9,8,2,3,6,6,10,7,0,15,11
"156",0,8,10,11,12,14,22,8,7,0,2,6,0,3,22,8,13,2,0,14,4,10,2,0,10,3,8,6,14,33,9,5,0,0,5,8,7,7,7,11,18,12,3,10,10,4,5,1,6,6,0,7,14,17,2,0,16,0,0,6,14,6,11,7,6,5,20,3,5,27,0,11,13,8,5,20,1,4,4,1,0,0,0,26,10,0,14,7,10,4,0,2,10,16,0,0,4,15,0,0
"157",0,10,6,3,10,0,5,4,0,15,32,6,1,6,4,1,7,5,0,8,9,0,10,3,3,6,7,0,21,6,14,0,8,0,8,1,0,7,12,10,0,8,18,4,6,2,6,4,0,7,1,7,10,29,10,0,13,0,1,3,4,3,5,8,6,5,1,2,6,8,12,16,2,4,2,0,3,6,10,2,10,5,17,0,7,0,7,43,3,4,3,3,3,4,13,4,8,11,0,0
"158",0,11,6,2,3,28,12,37,8,2,10,3,5,5,0,28,3,7,5,9,17,0,0,0,1,7,5,2,12,3,0,0,5,0,2,11,0,0,5,13,14,1,12,6,0,0,9,6,18,13,32,6,61,32,4,0,6,0,51,4,2,2,2,3,20,6,22,5,7,9,0,15,2,6,10,17,5,9,5,4,10,4,9,0,6,0,10,14,11,3,1,32,6,3,0,1,2,19,8,6
"159",0,3,2,7,4,18,8,8,0,7,21,11,7,20,0,0,20,8,2,5,27,8,4,4,6,5,3,10,0,0,10,12,20,0,9,23,8,8,7,4,47,4,7,13,2,9,7,9,6,3,10,9,6,30,5,0,5,0,0,2,10,7,9,11,22,8,2,10,6,7,0,33,0,44,0,16,1,7,7,1,7,9,9,2,16,0,7,16,9,10,17,7,5,6,7,9,12,5,7,0
"160",7,6,7,3,4,6,7,3,0,8,3,10,13,4,0,0,5,5,13,5,16,10,2,0,0,3,5,4,16,0,4,11,0,0,3,2,0,5,4,12,1,7,7,7,10,0,1,5,0,1,0,0,6,4,9,0,5,0,0,0,1,3,10,10,2,11,0,12,6,6,0,10,1,5,2,14,1,2,0,2,4,1,2,22,3,0,6,8,7,9,0,0,10,5,3,6,15,5,8,0
"161",5,8,0,8,10,0,5,2,0,8,2,13,6,4,17,4,8,9,7,4,3,17,14,1,7,8,15,12,29,5,4,7,9,0,8,8,1,9,10,2,0,8,8,9,6,8,5,5,4,2,2,7,13,0,7,0,11,7,18,0,9,7,10,0,0,3,0,0,18,13,12,8,7,0,11,8,4,0,12,2,2,15,13,1,11,0,5,0,3,4,5,3,0,4,15,9,5,18,1,0
"162",0,0,8,4,4,8,6,2,0,0,2,16,25,8,0,0,1,13,8,1,8,9,0,1,5,7,8,1,3,4,20,10,6,0,7,7,0,0,15,11,6,9,0,5,0,6,7,11,1,10,0,4,16,5,6,34,13,0,0,9,9,8,8,7,5,20,2,5,1,14,0,12,11,9,5,0,21,11,10,7,5,8,6,31,6,0,1,0,0,14,12,18,3,15,0,0,10,6,8,0
"163",1,9,11,8,10,2,3,2,9,14,10,20,8,9,7,0,17,2,5,5,3,11,3,0,11,0,11,5,18,5,10,8,2,0,13,15,8,13,8,19,12,5,5,9,9,1,7,15,0,10,0,9,12,0,7,0,13,0,0,12,18,6,5,6,4,10,25,4,13,12,22,4,13,16,0,2,8,6,8,4,7,6,14,0,6,0,4,3,3,11,6,5,17,11,14,0,13,4,0,0
"164",43,13,0,4,17,28,2,66,1,10,26,7,24,7,9,3,10,0,5,3,22,17,3,0,12,15,2,4,2,37,63,7,11,0,9,11,3,2,6,9,0,14,11,9,3,1,11,0,4,6,1,7,46,30,10,0,6,0,0,5,16,12,6,16,9,6,50,16,6,14,0,14,3,9,11,3,2,11,11,2,7,12,8,1,0,0,4,27,2,9,15,5,11,8,5,2,14,37,0,0
"165",0,8,6,12,6,13,3,10,3,4,9,6,9,7,11,29,9,6,0,12,17,14,3,0,8,6,11,21,0,15,0,5,8,3,8,0,8,8,1,5,13,8,19,12,3,17,22,8,5,5,19,4,20,23,7,0,1,0,51,9,7,9,6,12,0,3,12,7,16,0,13,26,3,8,0,0,0,1,0,9,9,7,1,1,7,0,4,12,12,4,3,6,3,7,15,3,7,21,0,3
"166",5,11,10,0,10,32,8,28,13,7,37,8,6,3,10,0,5,4,10,6,13,6,0,1,5,3,2,4,4,0,15,10,2,0,12,13,7,13,4,6,40,6,6,11,3,0,2,0,4,4,16,4,4,9,4,0,2,41,3,9,3,2,5,7,7,5,2,4,0,0,0,8,1,28,10,17,3,4,1,11,9,8,5,2,8,0,7,12,5,1,7,0,0,7,2,5,8,27,10,3
"167",2,2,4,4,0,29,4,0,0,5,28,11,3,0,1,4,4,6,7,6,17,5,22,53,15,6,0,12,12,0,9,7,10,0,0,1,8,3,1,2,20,6,10,7,27,25,4,2,8,0,5,2,14,23,4,0,4,0,0,0,2,4,10,13,5,3,0,0,3,17,0,21,2,13,3,14,12,8,3,3,3,3,0,0,0,0,4,18,6,8,5,2,5,5,4,8,3,16,5,0
"168",2,2,8,7,0,59,18,30,0,0,20,0,4,5,1,54,5,3,3,8,10,5,4,2,4,0,8,6,3,13,14,9,10,4,23,7,14,12,4,8,32,9,36,13,12,0,0,11,0,1,0,35,16,54,19,0,5,0,1,11,0,13,11,6,7,5,1,7,4,0,0,19,9,14,10,192,9,8,21,1,16,11,11,6,0,0,4,34,16,13,7,0,5,19,0,11,9,27,20,0
"169",3,5,11,6,6,14,18,11,3,7,25,9,0,12,9,4,6,1,9,11,0,0,9,13,18,9,5,0,0,11,9,4,0,0,11,3,3,2,6,19,9,8,6,2,2,9,7,0,7,5,7,7,7,7,12,0,4,0,3,7,2,5,5,6,7,0,0,8,1,0,6,29,11,14,4,11,6,1,9,7,3,10,3,0,3,0,14,6,6,1,7,0,7,8,6,9,7,17,3,0
"170",11,5,5,14,13,0,0,0,14,7,27,2,6,19,17,33,5,14,8,7,8,0,2,47,0,10,8,19,17,30,31,16,4,0,11,5,5,4,10,1,6,6,11,8,4,3,5,4,5,1,1,7,29,21,8,0,9,0,0,0,4,7,6,8,0,9,4,4,0,4,3,20,0,17,5,25,2,2,8,6,6,14,7,0,0,0,6,75,6,5,14,8,3,6,6,2,4,0,0,78
"171",0,11,2,6,0,15,10,40,0,10,12,6,1,0,0,0,2,2,5,0,17,7,3,29,0,3,4,5,9,9,15,6,7,0,9,8,5,5,2,12,6,11,11,3,5,7,8,6,4,7,3,9,5,9,6,0,6,0,0,29,1,7,3,0,8,6,14,9,0,10,1,2,7,17,5,11,7,0,1,3,8,0,3,35,10,0,2,21,5,3,9,12,4,0,6,3,4,31,6,0
"172",12,0,15,7,14,15,5,37,9,0,16,9,14,7,2,8,5,7,16,4,0,11,4,6,19,0,2,10,0,42,23,13,9,0,10,9,15,14,0,3,20,18,4,7,10,5,13,10,6,12,41,7,27,43,8,0,6,0,1,9,5,12,5,12,2,4,0,13,5,18,8,18,16,39,6,24,28,5,3,12,14,10,15,0,6,0,0,17,0,1,8,14,6,7,1,5,8,79,19,0
"173",7,7,7,5,19,0,7,81,9,8,28,24,27,11,7,0,7,7,1,10,21,12,3,0,5,8,24,7,18,8,16,15,10,0,0,5,5,10,1,6,25,0,2,16,1,0,6,5,9,0,3,0,31,24,13,0,7,117,3,14,18,8,7,5,13,5,0,10,7,10,0,33,10,16,5,49,4,5,11,11,5,0,3,0,5,0,8,23,9,8,8,20,0,7,6,7,21,21,9,2
"174",1,4,8,2,9,8,19,1,4,5,17,4,14,9,2,8,6,9,1,4,19,10,7,0,5,6,25,9,19,0,3,8,10,0,10,7,9,6,3,9,2,3,14,7,8,22,6,9,14,8,0,16,14,6,12,0,0,0,3,8,5,3,19,11,14,7,5,6,29,9,2,22,14,17,12,8,11,12,0,11,0,9,23,0,0,0,6,9,3,16,8,2,0,13,3,9,10,10,8,11
"175",0,5,8,6,7,27,10,0,3,7,23,4,5,4,0,1,8,12,5,7,26,5,0,59,12,8,3,6,56,35,9,14,4,0,15,5,14,0,13,0,5,12,9,9,8,8,10,6,6,1,15,3,19,9,6,0,0,0,0,8,22,7,4,4,5,9,1,9,5,14,0,28,4,20,0,15,8,13,7,4,19,0,5,5,6,0,1,29,10,0,7,11,6,8,4,14,13,7,2,0
"176",1,6,0,0,14,39,14,4,0,8,22,4,6,1,10,16,10,5,8,4,39,2,2,12,0,9,7,6,0,7,28,16,4,0,0,5,5,6,17,9,50,12,6,8,7,3,3,10,11,16,0,5,19,36,0,0,2,0,0,9,1,2,8,12,5,0,0,6,8,15,0,37,8,34,2,67,9,4,6,5,0,16,9,3,1,0,1,20,5,11,12,6,1,7,2,6,10,6,3,1
"177",16,3,6,0,13,18,12,46,5,16,19,10,18,7,9,0,6,0,7,20,31,7,4,0,14,12,0,0,23,0,20,5,10,2,5,7,9,5,2,0,32,4,1,14,15,0,4,3,9,13,0,0,18,20,7,0,2,0,5,1,12,9,7,3,27,6,0,9,22,10,15,22,1,21,20,10,17,4,4,2,9,15,12,1,7,0,11,19,10,15,3,10,12,9,1,6,9,17,10,4
"178",0,12,8,5,3,29,8,6,0,0,10,1,4,3,2,1,9,12,3,5,12,6,10,1,4,7,0,6,40,20,24,3,2,0,4,0,0,6,9,11,9,6,2,0,0,0,7,5,6,12,4,0,15,49,7,1,13,0,0,0,10,7,4,6,3,4,0,3,1,8,19,44,4,18,3,17,5,7,3,2,14,11,0,0,6,0,6,12,8,2,6,11,7,12,1,5,6,7,0,0
"179",3,11,10,13,3,30,24,13,10,10,22,7,8,17,0,0,2,15,5,12,47,4,32,3,5,13,15,10,1,9,12,4,9,0,15,2,10,4,7,0,115,13,9,8,5,5,7,7,20,11,10,12,22,12,5,0,12,0,10,1,4,19,7,18,14,7,2,0,2,17,57,21,15,11,9,6,11,0,13,11,4,15,4,1,9,0,9,58,9,11,5,3,7,6,14,16,12,0,8,5
"180",4,4,14,0,1,14,22,83,2,12,10,6,19,5,50,0,7,8,18,0,32,7,8,20,10,13,24,9,7,27,49,10,5,0,8,4,7,8,13,4,26,10,0,18,7,4,5,5,4,4,19,0,11,0,2,0,4,0,0,0,3,3,12,30,8,0,7,8,23,0,2,31,5,51,10,0,0,13,8,1,8,4,5,5,11,0,0,33,4,23,6,3,9,9,17,15,15,13,5,11
"181",26,0,6,6,28,33,6,0,1,9,18,10,18,9,10,4,20,12,5,17,18,8,1,99,13,10,0,0,2,43,0,8,21,0,15,9,2,5,7,16,3,13,9,10,17,5,15,2,8,20,15,3,28,35,15,0,18,48,0,0,9,7,19,5,7,4,12,0,6,6,41,9,10,23,7,3,14,26,6,2,7,14,13,0,10,0,12,21,11,8,8,4,7,8,0,5,7,14,3,0
"182",0,19,5,8,5,10,12,6,0,6,2,8,0,14,22,3,6,8,13,9,9,7,15,13,5,11,4,3,5,20,6,11,1,11,3,3,8,8,7,15,0,0,10,10,3,27,5,16,8,4,10,4,7,7,11,0,1,0,0,1,6,15,5,11,9,9,3,4,11,14,2,11,2,6,9,0,2,6,3,10,3,9,3,2,15,213,3,6,10,6,10,6,3,17,0,5,0,0,3,63
"183",0,4,0,7,6,11,4,4,4,8,34,7,5,6,4,4,9,0,10,9,30,7,7,11,7,8,5,11,0,2,30,0,3,0,9,2,2,6,0,0,5,5,8,11,5,0,0,8,2,0,0,0,16,15,3,0,6,1,0,1,5,11,7,8,23,0,0,6,19,3,0,16,10,10,4,16,0,8,13,0,7,9,5,70,5,0,5,19,3,8,12,8,12,5,6,5,4,4,9,27
"184",4,7,8,7,6,11,7,30,4,0,24,0,4,2,10,31,4,5,0,0,17,3,3,41,8,12,1,9,12,14,8,6,3,0,5,2,8,0,7,8,15,10,7,5,8,13,1,4,3,7,32,12,6,0,12,0,14,44,0,0,7,10,17,8,4,0,0,2,3,12,1,21,5,14,3,18,2,9,13,2,9,10,12,0,7,264,7,8,13,5,0,0,8,8,11,11,17,17,3,0
"185",0,0,7,12,0,2,3,47,1,8,31,4,9,16,2,6,7,0,4,3,23,4,22,107,15,11,4,14,2,38,29,13,10,0,9,15,3,8,6,1,9,14,3,19,9,28,13,4,0,7,0,7,10,17,11,0,12,4,0,17,8,20,16,12,6,14,3,17,0,3,0,0,15,18,11,35,7,7,9,35,4,0,0,3,11,0,5,22,6,5,6,8,9,8,8,0,3,29,5,1
"186",22,10,10,3,0,77,7,28,0,4,12,8,9,2,1,0,10,0,20,1,40,0,3,0,6,6,5,9,0,10,26,9,6,0,7,3,1,7,0,0,26,0,7,4,8,10,10,0,0,5,3,5,13,21,6,0,13,0,0,5,9,13,6,10,5,7,0,3,0,3,0,41,1,12,10,10,4,6,1,16,9,7,9,2,4,0,3,10,7,16,10,6,13,7,12,11,6,27,6,0
"187",3,4,5,9,0,9,8,0,4,6,18,5,2,5,9,0,7,4,5,1,20,14,0,11,6,11,0,3,0,38,10,8,7,0,5,3,5,7,3,9,8,6,1,10,2,8,13,5,0,5,0,13,9,7,9,0,9,0,42,1,6,5,4,1,3,5,0,2,6,5,47,25,0,0,6,2,0,4,3,5,0,0,3,0,13,0,9,13,4,9,6,13,5,3,1,26,4,8,12,27
"188",1,4,0,15,5,3,4,7,6,4,2,11,15,4,0,14,6,19,0,5,4,4,3,0,2,6,5,2,2,3,2,7,7,0,6,10,5,2,0,27,4,5,12,3,8,14,10,4,3,14,0,3,20,6,6,3,2,0,0,8,2,10,10,16,13,13,18,5,15,2,1,10,9,9,4,3,8,6,3,2,4,6,11,0,4,0,9,9,0,3,26,7,10,4,9,3,3,6,7,3
"189",0,6,5,8,23,7,2,0,6,10,0,11,15,11,20,13,2,4,19,15,14,7,4,0,5,0,0,8,43,57,31,5,16,0,5,11,8,17,3,8,6,13,4,0,12,6,0,7,6,9,2,4,81,39,9,0,7,0,0,1,16,11,12,18,17,7,0,8,9,3,0,18,21,30,0,38,0,17,12,9,2,9,0,3,15,0,6,25,13,16,9,11,10,14,10,10,19,0,14,1
"190",0,9,8,6,7,26,1,5,8,8,13,5,4,9,7,0,12,3,13,7,11,4,0,0,9,6,0,6,0,27,43,7,7,3,2,3,7,1,6,5,40,5,0,9,3,6,7,8,13,10,1,2,34,10,5,0,4,0,0,2,12,5,6,4,6,9,1,4,5,5,4,22,14,34,7,8,28,7,11,4,6,4,5,1,5,0,3,0,9,6,7,2,18,12,0,3,11,22,5,15
"191",73,8,9,5,4,11,8,18,7,0,19,10,14,5,3,2,13,13,27,7,9,9,9,6,6,10,3,13,3,0,6,10,2,0,0,9,3,0,4,0,18,6,19,13,8,9,5,5,9,5,0,10,16,6,6,0,20,6,0,5,7,5,9,3,12,0,11,8,1,17,2,10,0,3,6,5,2,3,5,2,11,10,5,0,11,0,6,0,8,5,4,17,6,18,22,8,6,2,10,28
"192",4,9,6,4,4,11,7,6,2,4,33,6,1,5,5,0,6,6,4,1,18,9,7,14,4,4,2,3,0,4,9,8,12,0,4,5,5,10,4,5,0,8,0,7,2,14,3,1,2,3,0,2,27,0,9,0,6,13,0,5,8,11,3,5,8,6,14,5,5,12,31,17,5,0,5,34,6,8,3,16,4,13,6,0,8,0,3,7,6,4,5,1,3,8,11,17,16,9,6,0
"193",1,10,6,11,26,19,6,23,4,4,38,4,16,7,1,8,3,8,2,5,17,3,2,143,5,7,0,0,2,8,0,5,5,0,11,4,16,9,13,3,12,7,3,5,6,2,13,5,5,4,8,12,11,25,9,3,0,0,15,10,4,12,12,6,12,29,0,2,0,8,25,29,7,22,5,8,4,12,7,3,11,10,4,0,7,0,6,0,3,2,4,6,11,13,1,11,9,20,4,0
"194",0,0,1,2,5,27,7,8,3,7,8,3,3,3,4,0,4,2,6,4,20,2,20,34,3,3,3,8,2,13,11,4,3,0,4,0,11,0,14,3,12,3,0,5,0,22,6,6,3,2,0,2,21,11,4,0,0,0,0,13,9,6,0,8,0,7,0,7,9,7,0,18,12,22,8,23,4,1,1,3,4,2,3,0,0,0,5,5,1,2,12,4,8,8,4,0,5,0,3,20
"195",19,4,0,11,0,0,5,85,5,13,31,2,12,4,13,0,6,14,8,1,27,4,32,6,12,0,3,5,0,14,0,0,6,0,4,16,5,6,0,0,12,5,5,10,15,2,12,3,11,0,6,3,21,28,7,0,10,0,0,14,19,4,9,7,4,6,9,6,6,9,0,26,10,52,14,16,8,4,6,2,22,10,5,0,3,0,14,20,4,9,11,8,5,5,11,5,9,24,0,0
"196",18,9,6,2,1,78,7,14,3,10,7,10,6,7,16,4,9,7,12,22,26,7,2,10,2,6,4,9,0,1,0,3,6,0,0,7,12,14,2,6,9,2,2,6,0,6,4,0,7,8,1,1,13,21,8,0,1,0,0,1,9,11,3,4,4,12,0,0,0,8,0,17,7,6,4,7,9,7,5,7,7,3,9,3,6,0,1,19,0,6,11,15,3,4,16,5,2,32,6,3
"197",40,19,18,24,27,10,6,4,9,4,0,9,6,5,7,0,8,13,4,11,26,0,9,1,4,5,0,6,7,26,9,7,11,49,11,16,4,0,3,3,11,9,6,8,2,4,2,4,3,5,6,16,6,14,8,0,17,0,0,0,0,0,0,19,15,9,3,13,4,5,0,15,7,32,7,3,10,4,3,4,4,17,11,0,6,0,10,0,0,8,7,3,0,6,7,6,9,16,4,3
"198",3,7,20,12,0,27,14,25,4,9,31,10,4,9,7,0,5,9,10,4,25,12,5,3,9,3,6,7,6,28,11,12,2,0,10,7,0,6,10,5,23,5,11,4,17,4,10,13,11,6,1,0,22,48,5,0,4,0,0,3,0,12,0,13,6,14,12,0,5,7,0,16,16,9,9,34,7,0,13,0,3,15,3,3,0,0,10,22,11,8,4,4,6,10,11,5,16,4,0,3
"199",5,5,4,1,4,10,2,42,0,8,11,8,5,4,0,1,14,3,2,9,16,3,4,103,3,5,0,7,12,23,16,2,13,0,5,7,7,5,2,8,3,4,5,3,8,0,7,6,6,2,9,5,29,8,5,0,6,3,0,1,5,5,4,9,9,0,10,5,5,3,4,19,3,5,11,36,1,7,13,8,4,8,14,4,7,0,1,6,10,6,11,6,4,1,1,22,6,6,2,0
"200",1,11,5,0,15,81,0,69,1,14,0,13,6,18,9,0,14,8,11,21,44,8,11,14,0,7,5,13,29,32,46,8,7,0,6,16,5,7,9,5,20,7,3,9,0,22,13,17,7,17,1,7,9,36,7,359,9,0,0,18,24,9,4,5,13,8,5,8,7,8,10,26,17,38,9,70,4,19,0,5,5,8,0,1,9,3,12,26,6,8,15,0,18,16,11,2,21,34,16,0
"201",12,15,9,10,0,55,6,30,2,13,35,0,7,20,0,1,11,9,0,2,79,7,8,4,22,14,4,0,0,0,24,10,5,0,3,15,0,32,15,22,29,13,3,8,10,7,5,0,4,9,1,8,0,16,4,0,8,0,0,7,8,0,17,14,13,17,45,9,27,13,0,12,11,38,11,28,3,12,15,0,7,10,27,43,19,0,3,0,5,0,0,0,28,5,11,7,11,4,4,13
"202",4,2,11,6,0,22,7,3,23,3,12,6,17,1,5,3,22,11,4,2,9,3,9,9,9,5,29,10,0,12,14,3,0,0,11,16,3,14,10,4,27,6,5,6,7,2,6,0,9,8,0,13,0,26,10,243,7,0,0,7,3,6,4,11,3,5,5,7,0,5,17,0,0,0,4,6,4,7,0,4,4,8,4,2,0,0,12,13,13,3,18,8,0,6,1,6,7,45,1,0
"203",32,0,5,4,2,16,9,4,0,14,18,8,2,16,1,4,5,7,6,8,22,8,0,34,5,7,4,6,2,45,27,0,16,0,4,11,8,14,13,4,30,5,6,5,11,8,11,6,7,0,1,7,12,30,8,15,4,0,1,7,8,8,5,9,4,8,8,7,1,1,5,14,9,6,8,39,5,4,0,13,5,3,5,2,17,0,3,36,5,4,4,14,12,9,9,0,13,12,0,1
"204",5,13,9,8,13,6,2,0,1,2,13,9,0,0,0,0,5,6,6,2,9,6,0,69,6,3,7,0,9,0,0,5,2,0,13,4,10,5,0,14,16,6,2,0,7,9,7,8,4,6,0,20,18,0,8,0,9,0,1,1,8,9,9,17,4,12,0,0,2,8,0,32,1,25,9,30,1,12,4,0,6,10,7,0,0,0,8,12,8,6,13,9,0,6,21,13,18,3,6,10
"205",10,14,10,17,8,40,1,30,0,4,71,0,6,8,21,0,10,0,3,7,29,9,8,61,5,0,0,5,47,54,42,14,3,0,9,8,10,5,15,2,21,2,10,2,16,3,4,9,6,4,0,10,49,34,10,0,9,2,0,0,0,8,16,6,10,6,0,8,0,2,3,0,5,24,3,4,2,14,7,0,16,0,0,0,3,0,11,0,13,0,14,13,11,6,6,5,3,20,6,4
"206",43,10,7,10,15,43,1,9,13,3,46,9,30,10,14,0,14,6,8,10,30,5,1,25,18,11,5,10,0,88,27,18,5,0,1,12,6,8,14,8,10,13,13,8,1,0,12,0,12,5,1,4,19,0,9,0,3,2,6,0,5,9,13,16,4,6,9,12,16,10,12,44,5,50,0,8,3,9,0,3,11,2,7,0,21,0,6,21,4,9,8,8,12,5,11,0,0,30,7,0
"207",7,3,3,3,12,14,6,32,5,3,26,5,13,2,5,0,5,11,3,9,12,8,10,111,1,13,18,12,5,0,17,3,9,0,1,0,1,0,0,4,0,8,3,8,6,8,8,4,6,2,0,5,12,11,7,0,4,0,0,3,6,8,6,10,0,6,0,2,1,3,15,13,5,10,8,0,2,8,4,2,11,10,11,4,5,0,3,28,1,6,4,3,9,8,9,3,3,23,2,9
"208",11,12,12,7,18,14,1,33,1,10,9,8,13,0,39,4,7,24,17,9,18,17,7,9,5,6,38,0,0,74,17,11,7,0,6,6,9,1,9,6,17,11,9,6,11,0,6,13,10,0,30,9,22,39,10,0,5,5,1,15,7,5,11,13,7,7,12,4,9,0,7,0,19,18,8,11,12,3,5,0,10,5,0,5,12,0,0,0,0,0,11,11,7,14,9,13,6,40,7,0
"209",0,3,8,5,4,25,4,20,16,12,11,6,6,7,8,1,11,5,8,5,6,3,0,0,19,3,3,10,17,33,13,0,2,0,13,8,0,2,8,2,19,6,7,5,1,13,0,16,14,7,7,7,15,19,4,0,5,0,5,0,9,6,1,8,4,5,29,6,1,20,0,26,12,11,4,1,4,11,6,15,7,2,11,1,11,0,6,23,3,4,6,9,2,4,4,2,10,14,10,0
"210",4,1,7,5,1,9,13,23,3,7,17,0,7,4,7,1,12,10,10,0,11,1,9,7,10,0,6,5,0,3,3,3,18,0,2,15,5,3,4,5,0,9,1,9,3,18,15,4,6,8,27,4,2,7,7,0,1,0,1,0,1,3,8,12,6,0,24,4,1,10,0,11,0,5,8,3,5,4,10,1,4,9,2,1,6,0,12,4,6,0,7,1,9,11,4,5,5,15,3,0
"211",1,8,3,4,6,52,23,17,3,12,45,11,11,3,24,18,0,9,8,3,0,6,5,17,5,7,22,2,0,5,7,3,16,0,8,5,4,8,9,7,33,8,7,5,16,1,3,7,5,13,0,2,26,33,12,0,14,0,0,9,12,12,9,3,7,6,0,11,12,13,3,7,0,21,4,13,5,8,6,0,9,5,12,4,0,14,9,28,8,1,5,0,6,4,16,8,7,17,9,1
"212",2,4,5,2,0,24,1,17,38,12,33,6,8,7,0,11,13,2,8,8,16,4,7,9,10,13,1,5,0,28,41,7,0,0,3,13,13,0,6,8,33,6,14,7,8,7,7,6,8,15,1,2,24,29,10,0,5,0,0,11,4,0,6,4,0,13,0,8,1,4,0,14,12,27,0,69,4,10,4,12,4,7,0,6,9,0,3,23,11,2,4,7,0,2,0,3,5,20,7,9
"213",9,4,13,6,0,2,6,12,10,4,20,5,3,4,0,0,9,6,7,0,14,0,3,1,0,0,5,7,3,2,0,8,6,116,8,0,11,15,0,13,9,0,8,9,3,6,5,20,8,7,0,15,7,8,7,0,2,0,13,16,5,9,18,1,4,4,1,10,9,10,0,0,9,13,4,8,2,6,3,9,0,17,10,0,8,0,27,6,0,0,12,3,6,11,0,9,9,3,10,1
"214",25,7,2,7,0,2,0,13,3,3,0,8,1,8,3,0,16,7,2,10,11,6,2,3,3,11,3,10,17,6,3,12,6,0,11,0,0,2,3,11,7,6,1,3,6,2,8,8,4,2,6,0,1,6,14,0,6,0,0,5,17,3,6,3,7,2,1,8,10,7,0,7,3,13,5,5,2,8,5,6,11,11,3,18,0,0,3,5,5,4,3,3,11,3,1,1,17,15,4,6
"215",1,6,7,8,5,17,0,14,12,2,44,11,14,14,3,2,6,6,8,2,16,7,10,2,7,6,5,0,4,17,23,0,2,0,2,15,12,5,5,6,1,4,1,0,8,1,14,12,2,15,2,5,45,12,4,0,6,0,3,2,26,17,11,4,0,5,33,5,23,1,0,29,7,33,7,57,6,5,2,8,10,2,10,5,3,0,6,5,6,4,0,2,6,7,0,8,13,32,3,5
"216",0,0,5,5,7,9,1,3,2,11,0,4,6,0,4,0,6,13,3,8,25,2,1,0,3,5,5,8,0,24,0,4,4,1,0,1,2,24,3,4,7,6,7,5,4,5,4,2,4,3,0,0,0,14,6,103,11,0,16,0,0,4,10,6,8,9,2,2,5,9,1,8,9,0,7,14,7,0,5,0,6,15,1,3,2,0,8,21,6,0,0,10,0,8,1,4,3,16,10,20
"217",4,8,7,4,0,18,5,42,0,13,40,4,8,2,0,0,2,9,10,3,28,4,18,0,10,10,14,10,0,43,28,2,7,0,10,8,13,6,6,0,10,9,6,6,15,9,4,3,7,6,0,4,37,34,5,0,0,13,0,3,4,7,10,11,0,14,4,10,12,0,8,26,3,33,12,41,10,7,5,21,7,2,11,0,6,0,13,17,4,10,15,7,13,0,1,3,10,56,3,8
"218",12,2,7,8,6,17,25,7,4,3,5,0,3,3,16,5,0,7,0,10,19,9,5,8,8,9,4,0,1,15,21,16,0,0,7,5,17,5,35,2,19,10,13,2,16,22,7,6,15,4,0,3,19,39,10,0,7,3,0,29,8,10,13,0,5,10,5,6,4,6,1,18,6,13,8,2,2,10,7,4,3,1,2,0,7,0,0,0,5,8,2,9,3,5,3,0,10,41,0,5
"219",0,4,12,10,2,12,14,14,35,5,18,11,4,6,24,0,4,4,4,2,28,10,19,0,0,8,5,14,1,0,23,8,29,0,10,4,0,6,19,8,11,11,9,13,4,2,10,3,7,0,0,8,13,9,4,11,5,0,0,0,0,6,6,10,5,7,5,23,0,3,7,7,7,30,10,20,0,12,18,5,6,6,6,3,13,0,21,28,11,6,11,20,0,8,16,0,0,21,1,2
"220",6,6,6,9,0,31,12,11,6,15,5,6,15,6,15,48,43,15,10,6,45,0,1,15,5,5,16,12,14,19,29,6,11,0,4,7,4,15,8,7,17,12,13,2,5,1,10,0,0,0,0,7,40,21,7,0,6,209,109,6,9,7,11,6,12,6,13,12,8,0,52,0,7,9,12,49,4,11,8,12,7,14,6,0,0,0,9,7,2,9,5,0,4,5,3,7,5,19,3,16
"221",1,8,4,15,19,49,13,36,3,4,56,6,4,8,0,0,12,5,10,12,32,0,0,19,15,0,0,2,5,32,13,9,4,0,0,8,3,17,15,1,15,5,8,2,7,18,4,7,8,12,0,9,35,33,2,0,8,0,0,3,24,0,0,5,11,12,49,7,0,6,35,26,4,0,11,13,3,10,8,8,10,3,4,3,5,0,0,34,6,6,7,4,24,7,8,0,2,17,8,0
"222",18,17,9,21,3,51,4,19,3,15,24,8,25,3,7,0,9,6,8,10,34,0,8,2,14,0,7,3,0,4,37,7,16,58,0,7,12,22,20,22,6,12,8,0,8,20,11,0,0,15,31,14,41,44,10,0,8,0,0,38,13,8,12,5,4,10,44,24,7,9,1,32,0,22,17,77,3,7,14,22,23,9,9,5,6,0,12,0,13,7,0,13,6,6,7,22,17,5,0,1
"223",0,2,1,4,2,10,5,4,2,0,8,5,0,3,3,4,5,3,1,3,16,7,0,0,8,11,0,6,2,7,10,5,5,0,6,15,3,2,0,5,6,9,5,3,0,2,13,1,5,1,2,2,44,2,2,0,3,0,0,2,0,2,1,6,1,5,2,4,15,4,0,11,8,12,7,0,6,4,2,11,4,7,0,11,8,0,0,4,0,6,9,7,9,8,5,1,2,11,10,0
"224",0,7,6,5,15,13,0,2,9,4,14,12,13,4,3,0,10,2,11,2,18,4,0,4,12,4,1,13,33,10,21,10,1,0,11,0,5,4,2,8,14,8,6,11,3,9,2,4,3,0,0,3,11,19,7,0,3,1,0,3,6,7,4,0,8,2,3,0,0,5,0,15,6,15,4,4,17,9,5,7,16,0,9,14,0,0,1,15,13,8,10,2,1,5,1,0,9,5,6,0
"225",0,3,4,0,0,4,4,21,10,3,1,3,12,17,16,0,10,4,2,5,18,1,1,1,3,9,6,7,0,3,14,7,2,0,15,0,10,2,8,0,21,14,4,4,8,3,7,3,7,3,0,12,17,24,4,0,4,0,0,5,4,0,5,6,9,1,3,15,1,12,19,24,11,12,10,113,18,8,6,9,19,9,12,5,5,0,7,19,3,8,11,7,3,12,0,9,9,16,5,0
"226",0,8,8,2,6,19,8,10,7,10,9,7,13,3,8,50,9,5,7,8,23,13,6,55,5,5,9,13,1,39,20,7,0,0,3,0,4,2,5,2,36,2,7,9,1,1,0,3,8,0,18,5,30,8,10,0,8,24,1,5,5,5,4,10,4,9,23,3,0,17,22,16,14,19,0,18,7,3,13,0,9,12,5,30,8,0,7,22,10,12,12,0,0,2,14,9,11,0,0,101
"227",0,0,7,5,0,26,7,13,9,2,14,2,5,0,12,0,13,0,6,8,20,5,10,25,8,5,0,9,13,52,17,9,5,0,5,12,0,14,8,11,14,10,2,0,8,0,4,7,11,4,1,9,20,0,4,0,0,0,6,4,5,0,9,0,14,5,6,12,11,0,42,27,28,15,10,2,5,8,0,0,4,4,8,2,0,1,7,10,5,4,10,10,14,0,0,0,6,30,6,0
"228",0,0,20,21,3,31,12,23,2,8,22,19,28,22,28,2,13,23,16,13,8,21,2,0,17,6,2,8,0,7,11,10,10,0,32,8,16,0,4,15,14,18,10,3,8,7,14,0,2,15,4,9,6,18,22,0,8,0,2,0,2,12,10,9,11,10,26,14,6,13,0,12,11,23,15,0,0,12,12,19,6,11,6,10,3,0,36,18,10,13,8,6,0,11,13,8,11,10,10,0
"229",4,7,9,0,4,0,16,7,15,4,0,0,4,2,2,52,2,0,8,6,0,9,9,13,15,7,19,11,0,4,13,10,3,0,5,5,8,2,1,10,43,10,6,3,2,23,3,3,5,6,27,12,10,10,0,0,5,0,6,2,0,0,2,5,0,15,29,10,1,4,0,24,5,44,9,25,2,6,5,36,5,18,6,2,2,0,6,30,7,10,0,6,13,6,5,9,8,0,11,7
"230",5,15,9,14,16,52,4,33,7,12,0,10,5,10,4,2,4,16,7,10,55,8,11,0,8,6,0,4,0,3,34,12,19,1,18,9,0,7,12,12,23,12,29,7,20,18,9,22,6,8,71,9,0,29,10,17,6,0,0,11,8,5,6,4,11,9,0,12,0,7,1,27,10,51,16,3,4,17,8,5,5,0,11,23,8,0,5,16,12,9,4,29,8,10,15,5,12,18,7,0
"231",5,9,4,17,8,77,4,0,8,4,25,5,4,11,2,0,4,2,10,8,16,13,4,0,6,6,0,5,2,3,12,7,2,5,8,4,7,5,3,6,19,0,13,7,0,3,5,5,9,11,3,9,25,27,2,0,5,0,0,1,5,6,6,0,4,6,16,14,11,11,1,17,2,14,0,7,19,4,3,4,6,10,7,0,22,1,8,13,11,9,0,4,13,13,20,5,0,30,0,0
"232",8,27,0,8,6,0,11,47,1,5,16,8,28,3,2,2,18,13,12,8,25,8,3,78,24,0,4,13,3,3,27,16,14,0,5,10,3,2,9,6,63,3,2,13,14,6,7,6,3,0,0,7,5,15,14,0,3,0,0,2,7,6,9,10,10,3,0,0,6,9,0,12,6,28,4,15,5,0,6,14,7,0,8,12,7,31,8,10,9,17,4,6,26,9,5,6,13,6,13,0
"233",0,5,10,6,8,141,3,36,12,5,108,13,8,4,13,0,7,13,15,10,38,22,3,7,10,20,28,19,3,8,24,12,5,0,24,14,4,10,21,13,11,0,21,15,8,5,8,18,6,9,4,0,45,30,21,0,5,36,0,0,0,12,0,16,11,5,2,6,1,9,192,12,18,17,16,63,5,16,20,9,7,9,13,0,13,0,7,21,4,15,4,9,9,18,24,11,8,5,14,12
"234",0,8,10,0,11,22,9,12,8,8,73,13,8,2,8,13,14,10,13,5,26,7,4,20,8,6,5,8,1,3,17,14,12,0,7,4,7,10,26,5,22,2,2,3,1,3,7,5,9,0,2,6,23,34,11,2,0,0,19,0,3,2,8,5,14,0,4,10,0,0,3,34,4,0,5,8,9,0,7,14,5,11,6,1,19,0,10,40,0,0,11,0,5,6,15,4,3,32,5,10
"235",24,20,19,6,32,70,8,39,21,13,43,4,1,11,7,5,20,15,9,22,77,7,17,0,4,22,0,13,6,1,0,7,23,0,17,22,13,0,4,10,34,11,4,15,11,8,9,4,16,12,14,0,63,93,19,0,22,0,0,7,6,31,18,19,19,5,21,7,12,41,0,36,8,31,16,6,15,6,12,22,23,9,21,0,16,0,1,25,0,8,20,29,8,21,26,15,15,70,13,11
"236",31,4,0,7,14,22,10,13,3,9,12,2,0,0,3,0,6,6,4,1,50,0,3,1,2,6,0,2,16,30,11,9,11,0,2,9,0,4,0,0,7,8,3,6,5,0,1,7,9,4,1,14,9,32,7,0,6,0,4,0,5,6,6,0,0,6,0,2,9,4,1,8,8,10,9,15,0,7,2,10,12,0,15,0,1,0,2,10,6,12,3,11,0,0,3,7,3,23,6,0
"237",0,8,7,6,11,3,19,9,3,8,25,10,3,3,6,0,8,8,6,2,22,12,20,0,9,0,6,19,24,3,51,0,5,0,9,13,0,0,7,5,2,0,10,0,4,13,0,9,7,7,21,6,5,0,0,0,5,0,0,2,4,9,9,3,3,3,3,0,3,4,0,33,3,30,6,21,8,7,6,2,6,11,6,0,22,0,9,26,11,7,11,10,19,9,7,11,4,17,7,0
"238",0,0,0,2,3,19,3,10,1,3,19,4,2,5,2,3,11,5,7,6,21,7,0,3,5,0,4,11,0,13,30,5,2,0,4,0,3,3,3,0,8,4,0,7,3,0,8,0,3,6,0,6,0,8,2,1,4,0,0,1,10,3,10,8,9,7,9,9,0,2,7,18,8,29,6,16,11,0,6,19,3,8,1,1,1,0,1,25,4,4,5,2,5,0,20,0,6,32,3,1
"239",6,7,4,12,19,23,10,14,12,2,24,11,0,10,7,0,4,14,8,4,12,5,3,0,17,8,3,7,2,9,9,10,3,0,0,7,11,0,2,13,12,9,4,13,0,0,6,12,6,10,2,0,6,24,10,0,3,46,0,14,0,17,3,6,0,6,0,6,1,16,0,19,8,17,5,7,15,6,5,21,9,2,2,22,0,0,0,11,0,14,7,0,4,10,3,2,22,48,1,3
"240",0,2,4,0,17,4,10,14,20,19,8,11,5,13,3,0,3,7,2,3,0,12,3,16,6,5,3,5,0,14,21,6,3,0,3,7,2,3,17,6,19,0,5,10,6,0,13,17,16,7,0,10,15,11,6,2,14,0,11,5,2,7,5,0,4,6,0,15,3,17,3,26,3,30,9,32,0,8,11,8,9,4,2,4,6,112,4,20,10,6,14,4,7,7,6,1,8,0,6,0
"241",8,4,6,11,0,16,4,43,10,7,18,3,0,7,0,3,4,15,3,12,21,0,16,40,3,0,0,2,11,10,14,5,0,0,0,15,6,6,4,11,26,12,3,7,12,2,1,10,9,5,23,4,13,9,5,0,0,0,5,0,9,6,6,2,9,3,34,6,4,0,0,20,5,16,10,2,1,2,0,8,4,0,8,0,4,0,4,34,6,11,8,8,4,4,6,3,0,9,7,1
"242",1,11,4,10,1,8,0,12,14,14,25,7,20,8,19,1,13,0,9,5,27,3,5,13,3,4,1,9,0,0,0,10,6,0,5,6,10,10,14,7,1,3,12,6,3,7,0,8,5,25,0,7,3,12,7,0,7,0,0,2,0,0,5,7,5,5,0,19,2,15,0,19,1,23,5,96,6,4,3,5,9,9,10,1,3,0,7,0,6,4,8,4,4,6,10,0,0,50,19,0
"243",0,2,2,12,3,16,17,8,15,3,28,4,0,4,4,0,20,5,5,11,24,15,0,62,5,3,4,10,22,71,37,0,1,0,11,1,5,2,19,9,11,13,1,0,10,10,4,3,5,0,37,12,4,13,14,0,2,0,0,17,0,9,3,6,16,11,3,6,6,4,27,21,17,19,6,0,5,0,5,4,14,5,0,1,7,0,0,17,17,28,10,14,0,26,10,0,9,25,11,1
"244",1,8,11,7,4,11,4,17,4,18,10,5,8,3,5,0,31,0,6,6,33,7,11,16,8,7,1,8,17,16,14,16,0,0,14,6,5,11,9,14,0,11,16,12,10,12,5,7,4,3,4,3,25,31,9,0,11,0,0,42,10,2,10,5,15,10,2,6,8,3,0,36,0,18,19,1,30,28,9,9,9,9,6,1,8,0,4,21,5,12,11,9,4,12,4,16,1,46,11,4
"245",5,16,0,0,7,58,5,18,0,3,24,14,20,5,2,0,16,0,12,7,17,6,15,2,7,11,11,6,5,12,76,11,24,0,16,0,21,9,8,10,92,4,9,5,11,2,17,31,12,4,53,12,57,0,12,0,19,32,0,5,6,12,11,1,8,9,14,11,0,13,0,27,0,75,11,142,17,16,4,6,3,11,20,0,32,0,9,0,14,11,6,23,7,11,3,14,6,54,8,100
"246",0,7,8,10,2,26,11,13,8,4,22,10,7,14,3,2,4,0,8,17,15,9,2,8,5,0,14,8,12,2,61,8,13,0,0,4,13,0,10,3,53,0,11,2,0,6,4,3,0,10,1,10,29,17,3,0,8,0,0,4,2,12,7,17,19,9,6,7,13,2,0,20,3,16,5,86,5,8,13,0,13,6,3,15,14,0,0,51,12,11,10,0,12,7,5,8,4,31,7,6
"247",0,6,16,5,2,16,6,13,11,3,21,7,13,1,2,3,7,1,7,4,23,4,21,1,5,6,12,5,9,8,15,2,3,0,13,9,0,5,9,12,15,7,10,8,3,4,11,0,5,3,2,5,33,0,9,0,0,0,20,0,9,0,11,17,7,2,13,4,8,5,10,17,2,15,6,6,2,8,11,8,4,0,10,4,0,2,20,12,3,2,3,0,18,15,18,11,15,6,12,0
"248",23,15,13,3,0,30,12,7,8,9,28,6,8,13,22,0,3,0,9,20,36,10,18,4,7,9,7,13,16,14,33,8,5,1,23,13,8,9,11,18,34,8,18,7,4,0,18,0,6,12,40,7,9,30,6,0,4,0,131,1,11,5,13,11,2,10,0,4,0,12,1,35,12,33,10,25,3,0,0,0,13,7,4,15,0,0,6,21,6,4,8,5,5,5,6,0,4,15,4,17
"249",12,4,1,11,1,0,14,0,3,3,0,6,20,19,3,1,9,8,8,13,42,3,12,13,15,12,3,9,3,13,28,18,18,0,4,16,12,12,8,4,40,14,10,7,4,7,12,10,13,8,11,14,27,18,4,0,12,2,0,5,12,4,11,14,12,9,14,7,13,14,0,43,12,26,10,6,8,0,5,4,16,6,4,15,3,0,8,20,8,9,13,7,25,6,12,10,6,29,4,5
"250",7,0,6,8,5,6,3,22,0,8,55,11,7,5,0,11,1,0,9,1,28,4,16,6,5,3,3,3,0,4,15,5,8,0,9,2,7,1,5,9,20,9,8,13,4,0,9,4,0,5,9,10,20,21,0,0,3,0,7,0,0,1,3,1,0,4,1,6,8,3,1,20,2,0,5,18,1,5,5,10,0,0,1,6,12,0,12,18,2,16,1,9,4,5,4,6,3,28,0,0
